frame,elapsed_ms,dt_ms,presented,net_ms,remesh_ms,advance_ms,acquire_ms,world_ms,hud_ms,present_ms,fps,chunks_held,meshed,drawn,queued,buffers_created,buffers_reused,tick,confirmed,lead,worst_correction,vertical_pct,worst_divergence,footing_changes,unloaded,body_x,body_y,body_z,vel_x,vel_y,vel_z,on_ground,step_lag,camera_y
1,63.464,100.000,1,0.300,3.563,0.035,0.027,44.981,11.030,0.984,10,5,3,3,2,6,0,8,2,6,0.0000,0,0.0000,0,0,1.5000,42.3600,1.5000,0.0000,-1.9200,0.0000,0,0.0000,0.3800
2,68.181,60.968,1,0.037,3.200,0.018,0.031,0.351,0.971,0.059,11,8,3,3,5,6,6,9,3,6,0.0000,0,0.0000,0,0,1.5000,0.7610,1.5000,0.0000,-0.2400,0.0000,0,0.0000,1.9361
3,87.331,7.024,1,0.001,0.765,0.004,0.021,4.073,0.931,11.004,24,8,5,4,1,10,6,9,3,6,0.0000,0,0.0000,0,0,1.5000,0.7610,1.5000,0.0000,-0.2400,0.0000,0,0.0000,1.9249
4,91.943,17.225,1,0.001,1.539,0.005,0.039,0.950,1.572,0.075,27,8,6,5,0,12,6,9,3,6,0.0000,0,0.0000,0,0,1.5000,0.7610,1.5000,0.0000,-0.2400,0.0000,0,0.0000,1.8973
5,92.970,4.250,1,0.001,0.001,0.006,0.031,0.292,0.575,0.058,48,8,6,5,0,12,6,9,3,6,0.0000,0,0.0000,0,0,1.5000,0.7610,1.5000,0.0000,-0.2400,0.0000,0,0.0000,1.8905
6,99.863,1.009,1,0.054,2.188,0.013,3.719,0.219,0.557,0.095,142,10,6,5,5,12,10,9,4,5,0.0000,0,0.0000,0,0,1.5000,40.2000,1.5000,0.0000,-2.1600,0.0000,0,0.0000,-0.8428
7,109.795,6.916,1,0.001,0.959,0.043,7.945,0.299,0.539,0.074,143,10,6,5,1,12,12,9,4,5,0.0000,0,0.0000,0,0,1.5000,40.2000,1.5000,0.0000,-2.1600,0.0000,0,0.0000,-0.9424
8,125.136,9.908,1,0.001,0.171,0.066,13.967,0.295,0.709,0.086,138,10,6,5,0,12,12,10,4,6,0.0000,0,0.0000,0,0,1.5000,39.0010,1.5000,0.0000,0.0000,0.0000,1,0.0000,-1.0383
9,148.201,15.346,1,0.064,4.236,0.021,17.772,0.258,0.598,0.065,131,13,6,5,7,12,14,10,5,5,0.0000,0,0.0000,0,0,1.5000,39.0010,1.5000,0.0000,0.0000,0.0000,1,0.0000,-1.1610
10,163.659,23.070,1,0.001,3.433,0.014,10.796,0.405,0.653,0.093,122,13,8,6,5,16,14,10,5,5,0.0000,0,0.0000,0,0,1.5000,39.0010,1.5000,0.0000,0.0000,0.0000,1,0.0000,-1.3454
11,176.393,15.452,1,0.001,0.829,0.028,11.002,0.310,0.434,0.079,117,13,8,6,1,16,18,11,5,6,0.0000,0,0.0000,0,0,1.5000,39.0010,1.5000,0.0000,0.0000,0.0000,1,0.0000,-1.3797
12,195.835,12.724,1,0.057,2.476,0.029,15.869,0.268,0.598,0.106,113,17,8,6,9,16,20,11,6,5,0.0000,0,0.0000,0,0,1.5000,39.0010,1.5000,0.0000,0.0000,0.0000,1,0.0000,-1.3797
13,211.176,19.741,1,0.002,2.711,0.021,11.201,0.320,0.662,0.087,107,17,8,6,8,16,22,11,6,5,0.0000,0,0.0000,0,0,1.5000,39.0010,1.5000,0.0000,0.0000,0.0000,1,0.0000,-1.3797
14,228.680,15.051,1,0.001,3.509,0.047,12.689,0.327,0.802,0.077,103,17,9,7,6,18,22,12,6,6,0.0000,0,0.0000,0,0,1.5000,39.0010,1.5000,0.0000,0.0000,0.0000,1,0.0000,-1.3797
15,257.858,17.505,1,0.049,2.400,0.015,26.006,0.233,0.333,0.092,98,21,9,7,14,18,24,12,7,5,0.0000,0,0.0000,0,0,1.5000,39.0010,1.5000,0.0000,0.0000,0.0000,1,0.0000,-1.3797
16,291.452,29.179,1,0.004,2.372,0.047,30.114,0.510,0.420,0.068,92,21,9,7,14,18,26,13,7,6,0.0000,0,0.0000,0,0,1.5000,39.0010,1.5000,0.0000,0.0000,0.0000,1,0.0000,-1.3797
17,295.638,33.580,1,0.039,3.427,0.011,0.068,0.234,0.318,0.052,85,24,9,7,16,18,30,13,8,5,0.0000,0,0.0000,0,0,1.5000,39.0010,1.5000,0.0000,0.0000,0.0000,1,0.0000,-1.3797
18,307.687,4.184,1,0.001,2.275,0.014,9.135,0.222,0.303,0.066,101,24,9,7,14,18,32,13,8,5,0.0000,0,0.0000,0,0,1.5000,39.0010,1.5000,0.0000,0.0000,0.0000,1,0.0000,-1.3797
19,325.090,12.051,1,0.001,2.594,0.020,13.974,0.269,0.443,0.066,99,24,11,8,12,22,32,14,8,6,0.0000,0,0.0000,0,0,1.5000,39.0010,1.5000,0.0000,0.0000,0.0000,1,0.0000,-1.3797
20,341.627,17.403,1,0.004,2.368,0.014,13.079,0.233,0.730,0.072,95,24,11,8,10,22,34,14,8,6,0.0000,0,0.0000,0,0,1.5000,39.0010,1.5000,0.0000,0.0000,0.0000,1,0.0000,-1.3797
21,365.092,16.541,1,0.125,7.645,0.032,13.899,0.631,0.908,0.175,91,28,11,8,17,22,36,14,9,5,0.0000,0,0.0000,0,0,1.5000,39.0010,1.5000,0.0000,0.0000,0.0000,1,0.0000,-1.3797
22,377.398,23.510,1,0.002,3.393,0.056,6.888,0.799,0.901,0.172,87,28,11,8,16,22,38,15,9,6,0.0000,0,0.0000,0,0,1.5000,39.0010,1.5000,0.0000,0.0000,0.0000,1,0.0000,-1.3797
23,393.951,12.308,1,0.002,3.355,0.103,11.263,0.676,0.833,0.221,86,28,11,8,14,22,38,15,9,6,0.0000,0,0.0000,0,0,1.5000,39.0010,1.5000,0.0000,0.0000,0.0000,1,0.0000,-1.3797
24,410.653,16.571,1,0.110,3.387,0.067,11.222,0.651,0.944,0.176,83,28,11,8,12,22,40,15,10,5,0.0000,0,0.0000,0,0,1.5000,39.0010,1.5000,0.0000,0.0000,0.0000,1,0.0000,-1.3797
25,431.676,16.709,1,0.015,7.412,0.092,11.340,0.913,0.951,0.176,81,28,11,8,14,22,42,16,10,6,0.0000,0,0.0000,0,0,1.5000,39.0010,1.5000,0.0000,0.0000,0.0000,1,0.0000,-1.3797
26,442.683,20.998,1,0.002,2.415,0.102,6.808,0.589,0.819,0.175,78,28,11,8,12,22,42,16,10,6,0.0000,0,0.0000,0,0,1.5000,39.0010,1.5000,0.0000,0.0000,0.0000,1,0.0000,-1.3797
27,464.174,11.004,1,0.125,6.563,0.032,12.818,0.756,0.928,0.174,79,32,11,8,19,22,44,16,11,5,0.0000,0,0.0000,0,0,1.5000,39.0010,1.5000,0.0000,0.0000,0.0000,1,0.0000,-1.3797
28,476.299,21.493,1,0.002,2.482,0.054,7.714,0.674,0.932,0.172,76,32,11,8,17,22,46,17,11,6,0.0000,0,0.0000,0,0,1.5000,39.0010,1.5000,0.0000,0.0000,0.0000,1,0.0000,-1.3797
29,500.392,12.123,1,0.002,9.872,0.032,12.378,0.630,0.911,0.175,76,32,12,8,15,24,46,17,11,6,0.0000,0,0.0000,0,0,1.5000,39.0010,1.5000,0.0000,0.0000,0.0000,1,0.0000,-1.3797
30,514.038,24.118,1,0.121,6.681,0.033,4.823,0.622,1.027,0.220,73,33,12,8,19,24,48,17,12,5,0.0000,0,0.0000,0,0,1.5000,39.0010,1.5000,0.0000,0.0000,0.0000,1,0.0000,-1.3797
31,530.993,13.645,1,0.002,6.810,0.051,7.820,0.710,1.217,0.210,73,33,12,8,18,24,50,18,12,6,0.0000,0,0.0000,0,0,1.5000,39.0010,1.5000,0.0000,0.0000,0.0000,1,0.0000,-1.3797
32,544.779,16.955,1,0.001,5.054,0.022,7.337,0.473,0.650,0.135,72,33,12,8,17,24,52,18,12,6,0.0000,0,0.0000,0,0,1.5000,39.0010,1.5000,0.0000,0.0000,0.0000,1,0.0000,-1.3797
33,561.546,13.769,1,0.095,4.875,0.024,10.428,0.449,0.665,0.133,72,37,12,8,23,24,54,18,13,5,0.0000,0,0.0000,0,0,1.5000,39.0010,1.5000,0.0000,0.0000,0.0000,1,0.0000,-1.3797
34,578.649,16.759,1,0.002,5.262,0.042,10.381,0.504,0.690,0.133,70,37,12,8,22,24,56,19,13,6,0.0000,0,0.0000,0,0,1.5000,39.0010,1.5000,0.0000,0.0000,0.0000,1,0.0000,-1.3797
35,592.042,17.102,1,0.008,2.064,0.092,9.713,0.558,0.711,0.159,69,37,12,8,22,24,56,19,13,6,0.0000,0,0.0000,0,0,1.5000,39.0010,1.5000,0.0000,0.0000,0.0000,1,0.0000,-1.3797
36,611.930,13.388,1,0.083,5.364,0.023,13.073,0.462,0.641,0.158,70,38,12,8,23,24,58,19,14,5,0.0000,0,0.0000,0,0,1.5000,39.0010,1.5000,0.0000,0.0000,0.0000,1,0.0000,-1.3797
37,626.321,19.893,1,0.002,3.367,0.036,9.622,0.479,0.664,0.133,68,38,12,8,22,24,60,20,14,6,0.0000,0,0.0000,0,0,1.5000,39.0010,1.5000,0.0000,0.0000,0.0000,1,0.0000,-1.3797
38,642.464,14.392,1,0.006,2.770,0.023,12.052,0.437,0.634,0.132,68,38,12,8,22,24,62,20,14,6,0.0000,0,0.0000,0,0,1.5000,39.0010,1.5000,0.0000,0.0000,0.0000,1,0.0000,-1.3797
39,662.619,16.126,1,0.088,6.268,0.024,12.462,0.445,0.657,0.138,67,42,12,8,27,24,64,20,15,5,0.0000,0,0.0000,0,0,1.5000,39.0010,1.5000,0.0000,0.0000,0.0000,1,0.0000,-1.3797
40,676.515,20.179,1,0.002,3.328,0.058,9.113,0.495,0.669,0.132,66,42,12,8,26,24,66,21,15,6,0.0000,0,0.0000,0,0,1.5000,39.0010,1.5000,0.0000,0.0000,0.0000,1,0.0000,-1.3797
41,692.236,13.893,1,0.006,2.257,0.046,11.899,0.569,0.709,0.141,66,42,12,8,25,24,68,21,15,6,0.0000,0,0.0000,0,0,1.5000,39.0010,1.5000,0.0000,0.0000,0.0000,1,0.0000,-1.3797
42,708.925,15.718,1,0.084,2.195,0.080,12.961,0.491,0.626,0.161,66,43,12,8,26,24,68,21,16,5,0.0000,0,0.0000,0,0,1.5000,39.0010,1.5000,0.0000,0.0000,0.0000,1,0.0000,-1.3797
43,729.906,16.671,1,0.002,5.695,0.372,13.139,0.564,0.948,0.187,65,43,13,9,25,26,68,22,16,6,0.0000,0,0.0000,0,0,1.5000,39.0010,1.5000,0.0000,0.0000,0.0000,1,0.0000,-1.3797
44,744.583,20.991,1,0.002,4.028,0.050,8.536,0.706,1.073,0.197,64,43,13,9,23,26,70,22,16,6,0.0000,0,0.0000,0,0,1.5000,39.0010,1.5000,0.0000,0.0000,0.0000,1,0.0000,-1.3797
45,759.497,14.694,1,0.114,2.197,0.125,10.841,0.545,0.825,0.164,64,46,13,9,28,26,70,22,17,5,0.0000,0,0.0000,0,0,1.5000,39.0010,1.5000,0.0000,0.0000,0.0000,1,0.0000,-1.3797
46,776.760,14.923,1,0.003,2.306,0.145,12.380,0.964,1.189,0.166,64,46,13,9,27,26,70,23,17,6,0.0000,0,0.0000,0,0,1.5000,39.0010,1.5000,0.0000,0.0000,0.0000,1,0.0000,-1.3797
47,794.033,17.287,1,0.002,3.137,0.063,11.723,0.780,1.173,0.258,64,46,13,9,25,26,72,23,17,6,0.0000,0,0.0000,0,0,1.5000,39.0010,1.5000,0.0000,0.0000,0.0000,1,0.0000,-1.3797
48,808.125,17.352,1,0.071,2.183,0.032,10.706,0.306,0.497,0.090,63,47,13,9,25,26,74,23,18,5,0.0000,0,0.0000,0,0,1.5000,39.0010,1.5000,0.0000,0.0000,0.0000,1,0.0000,-1.3797
49,827.206,13.948,1,0.003,2.419,0.034,15.593,0.364,0.518,0.089,64,47,14,9,21,28,74,24,18,6,0.0000,0,0.0000,0,0,1.5000,39.0010,1.5000,0.0000,0.0000,0.0000,1,0.0000,-1.3797
50,840.921,19.070,1,0.005,2.041,0.016,10.927,0.247,0.340,0.089,63,47,14,9,21,28,76,24,18,6,0.0000,0,0.0000,0,0,1.5000,39.0010,1.5000,0.0000,0.0000,0.0000,1,0.0000,-1.3797
51,857.915,13.715,1,0.045,2.457,0.012,13.783,0.232,0.324,0.090,64,51,14,9,25,28,78,24,19,5,0.0000,0,0.0000,0,0,1.5000,39.0010,1.5000,0.0000,0.0000,0.0000,1,0.0000,-1.3797
52,876.255,16.993,1,0.001,2.529,0.042,14.419,0.342,0.869,0.089,63,51,15,10,23,30,78,25,19,6,0.0000,0,0.0000,0,0,1.5000,39.0010,1.5000,0.0000,0.0000,0.0000,1,0.0000,-1.3797
53,891.082,18.341,1,0.005,2.263,0.012,11.815,0.238,0.351,0.095,62,51,15,10,23,30,80,25,19,6,0.0000,0,0.0000,0,0,1.5000,39.0010,1.5000,0.0000,0.0000,0.0000,1,0.0000,-1.3797
54,907.581,14.826,1,0.036,2.103,0.011,13.677,0.231,0.323,0.070,63,52,15,10,26,30,82,25,20,5,0.0000,0,0.0000,0,0,1.5000,39.0010,1.5000,0.0000,0.0000,0.0000,1,0.0000,-1.3797
55,924.715,16.492,1,0.001,2.452,0.033,13.877,0.278,0.376,0.072,63,52,15,10,23,30,86,26,20,6,0.0000,0,8.5610,1,1,1.5000,39.0010,1.5000,0.0000,0.0000,0.0000,1,0.0000,-1.3797
56,941.878,17.134,1,0.003,3.053,0.012,13.431,0.231,0.313,0.080,62,52,16,10,22,32,88,26,20,6,0.0000,0,8.5610,1,1,1.5000,39.0010,1.5000,0.0000,0.0000,0.0000,1,0.0000,-1.3797
57,957.560,17.161,1,0.037,2.114,0.011,12.891,0.224,0.300,0.067,62,56,16,10,28,32,90,26,21,5,0.0000,0,8.5610,1,1,1.5000,39.0010,1.5000,0.0000,0.0000,0.0000,1,0.0000,-1.3797
58,974.392,15.680,1,0.002,2.034,0.023,13.996,0.311,0.361,0.068,62,56,16,10,26,32,94,27,21,6,0.0000,0,8.5610,1,1,1.5000,39.0010,1.5000,0.0000,0.0000,0.0000,1,0.0000,-1.3797
59,992.964,16.833,1,0.001,3.888,0.018,13.648,0.345,0.543,0.089,62,56,17,11,25,34,94,27,21,6,0.0000,0,8.5610,1,1,1.5000,39.0010,1.5000,0.0000,0.0000,0.0000,1,0.0000,-1.3797
60,1008.130,18.581,1,0.046,2.335,0.014,12.013,0.250,0.384,0.077,61,56,17,11,29,34,96,27,22,5,0.0000,0,8.5610,1,1,1.5000,39.0010,1.5000,0.0000,0.0000,0.0000,1,0.0000,-1.3797
61,1024.147,15.161,1,0.001,1.742,0.032,13.388,0.313,0.418,0.081,61,56,17,11,25,34,98,28,22,6,0.0000,0,8.5610,1,1,1.5000,39.0010,1.5000,0.0000,0.0000,0.0000,1,0.0000,-1.3797
62,1041.734,16.019,1,0.001,2.162,0.030,14.344,0.401,0.501,0.100,62,56,18,11,22,36,98,28,22,6,0.0000,0,8.5610,1,1,1.5000,39.0010,1.5000,0.0000,0.0000,0.0000,1,0.0000,-1.3797
63,1059.782,17.595,1,0.100,2.558,0.039,13.713,0.545,0.872,0.161,61,60,18,11,30,36,100,28,23,5,0.0000,0,8.5610,1,1,1.5000,39.0010,1.5000,0.0000,0.0000,0.0000,1,0.0000,-1.3797
64,1076.676,18.102,1,0.002,2.348,0.134,12.261,0.796,1.046,0.191,61,60,18,11,28,36,100,29,23,6,0.0000,0,8.5610,1,1,1.5000,39.0010,1.5000,0.0000,0.0000,0.0000,1,0.0000,-1.3797
65,1102.377,16.881,1,0.003,11.271,0.046,11.892,0.761,1.416,0.209,60,60,18,11,27,38,100,29,23,6,0.0000,0,8.5610,1,1,1.5000,39.0010,1.5000,0.0000,0.0000,0.0000,1,0.0000,-1.3797
66,1110.648,25.712,1,0.130,3.194,0.092,2.848,0.712,1.009,0.173,58,60,18,11,28,38,100,29,24,5,0.0000,0,8.5610,1,1,1.5000,39.0010,1.5000,0.0000,0.0000,0.0000,1,0.0000,-1.3797
67,1126.344,8.263,1,0.009,2.095,0.153,11.466,0.730,0.965,0.173,65,60,18,11,27,38,100,30,24,6,0.0000,0,8.5610,1,1,1.5000,39.0010,1.5000,0.0000,0.0000,0.0000,1,0.0000,-1.3797
68,1146.110,15.689,1,0.039,5.413,0.033,12.408,0.637,0.960,0.177,64,60,19,11,25,38,102,30,24,6,0.0000,0,8.5610,1,1,1.5000,39.0010,1.5000,0.0000,0.0000,0.0000,1,0.0000,-1.3797
69,1160.599,19.764,1,0.107,3.159,0.097,9.281,0.600,0.948,0.176,63,64,19,11,30,38,102,30,25,5,0.0000,0,8.5610,1,1,1.5000,39.0010,1.5000,0.0000,0.0000,0.0000,1,0.0000,-1.3797
70,1178.826,14.488,1,0.003,4.730,0.103,11.388,0.790,0.948,0.173,64,64,20,12,28,40,102,31,25,6,0.0000,0,8.5610,1,1,1.5000,39.0010,1.5000,0.0000,0.0000,0.0000,1,0.0000,-1.3797
71,1194.992,18.263,1,0.002,4.053,0.183,9.783,0.799,0.966,0.245,63,64,20,12,26,40,102,31,25,6,0.0000,0,8.5610,1,1,1.5000,39.0010,1.5000,0.0000,0.0000,0.0000,1,0.0000,-1.3797
72,1209.163,16.155,1,0.073,2.594,0.083,9.977,0.481,0.713,0.132,63,65,20,12,26,40,102,31,26,5,0.0000,0,8.5610,1,1,1.5000,39.0010,1.5000,0.0000,0.0000,0.0000,1,0.0000,-1.3797
73,1224.588,14.127,1,0.008,1.910,0.071,12.462,0.370,0.441,0.092,63,65,20,12,24,40,102,32,26,6,0.0000,0,8.5610,1,1,1.5000,39.0010,1.5000,0.0000,0.0000,0.0000,1,0.0000,-1.3797
74,1241.681,15.418,1,0.002,2.443,0.061,13.667,0.339,0.428,0.093,64,65,20,12,21,40,102,32,26,6,0.0000,0,8.5610,1,1,1.5000,39.0010,1.5000,0.0000,0.0000,0.0000,1,0.0000,-1.3797
75,1259.768,17.093,1,0.083,3.670,0.016,13.409,0.307,0.444,0.094,63,68,21,12,26,42,102,32,27,5,0.0000,0,8.5610,1,1,1.5000,39.0010,1.5000,0.0000,0.0000,0.0000,1,0.0000,-1.3797
76,1275.725,18.087,1,0.002,2.873,0.031,11.953,0.414,0.517,0.103,62,68,22,13,25,44,102,33,27,6,0.0000,0,8.5610,1,1,1.5000,39.0010,1.5000,0.0000,0.0000,0.0000,1,0.0000,-1.3797
77,1292.283,15.965,1,0.006,2.834,0.070,12.514,0.419,0.521,0.119,62,68,22,13,24,44,102,33,27,6,0.0000,0,8.5610,1,1,1.5000,39.0010,1.5000,0.0000,0.0000,0.0000,1,0.0000,-1.3797
78,1309.093,16.566,1,0.110,2.248,0.079,12.945,0.497,0.710,0.138,62,72,22,13,33,44,102,33,28,5,0.0000,0,8.5610,1,1,1.5000,39.0010,1.5000,0.0000,0.0000,0.0000,1,0.0000,-1.3797
79,1326.537,16.823,1,0.003,2.459,0.129,12.940,0.703,0.926,0.183,62,72,22,13,32,44,102,34,28,6,0.0000,0,8.5610,1,1,1.5000,39.0010,1.5000,0.0000,0.0000,0.0000,1,0.0000,-1.3797
80,1385.660,17.466,1,0.114,2.245,0.025,55.358,0.465,0.662,0.137,61,73,22,13,34,44,104,34,29,5,0.0000,0,8.5610,1,1,1.5000,39.0010,1.5000,0.0000,0.0000,0.0000,1,0.0000,-1.3797
81,1391.015,59.098,1,0.002,3.380,0.109,0.212,0.868,0.585,0.107,57,73,22,13,30,44,104,35,29,6,0.0000,0,8.5610,1,1,1.5000,39.0010,1.5000,0.0000,0.0000,0.0000,1,0.0000,-1.3797
82,1395.117,5.340,1,0.075,2.501,0.062,0.145,0.465,0.684,0.097,70,76,22,13,31,44,106,35,30,5,0.0000,0,8.5610,1,1,1.5000,39.0010,1.5000,0.0000,0.0000,0.0000,1,0.0000,-1.3797
83,1441.683,4.101,1,0.006,1.733,0.066,42.942,1.116,0.535,0.094,87,76,22,13,29,44,106,35,30,5,0.0000,0,8.5610,1,1,1.5000,39.0010,1.5000,0.0000,0.0000,0.0000,1,0.0000,-1.3797
84,1445.186,46.553,1,0.066,2.186,0.086,0.126,0.369,0.543,0.066,81,79,22,13,33,44,106,36,31,5,0.0000,0,8.5610,1,1,1.5000,39.0010,1.5000,0.0000,0.0000,0.0000,1,0.0000,-1.3797
85,1456.949,3.502,1,0.006,1.270,0.032,9.556,0.287,0.440,0.116,101,79,22,13,30,44,108,36,31,5,0.0000,0,8.5610,1,1,1.5000,39.0010,1.5000,0.0000,0.0000,0.0000,1,0.0000,-1.3797
86,1478.811,11.764,1,0.001,5.919,0.045,14.565,0.497,0.656,0.117,100,79,23,13,28,46,108,37,31,6,0.0000,0,8.5610,1,1,1.5000,39.0010,1.5000,0.0000,0.0000,0.0000,1,0.0000,-1.3797
87,1494.718,21.878,1,0.001,5.356,0.025,9.284,0.434,0.632,0.099,94,79,24,14,27,48,108,37,31,6,0.0000,0,8.5610,1,1,1.5000,39.0010,1.5000,0.0000,0.0000,0.0000,1,0.0000,-1.3797
88,1511.625,15.887,1,0.081,4.890,0.024,10.149,0.459,0.773,0.475,91,80,24,14,30,48,112,37,32,5,0.0000,0,8.5610,1,1,1.5000,39.0010,1.5000,0.0000,0.0000,0.0000,1,0.0000,-1.3797
89,1527.690,16.911,1,0.001,4.980,0.133,9.808,0.397,0.582,0.104,88,80,24,14,28,48,114,38,32,6,0.0000,0,8.5610,1,1,1.5000,39.0010,1.5000,0.0000,0.0000,0.0000,1,0.0000,-1.3797
90,1544.806,16.063,1,0.001,4.599,0.012,11.741,0.254,0.379,0.073,85,80,25,14,25,50,114,38,32,6,0.0000,0,8.5610,1,1,1.5000,39.0010,1.5000,0.0000,0.0000,0.0000,1,0.0000,-1.3797
91,1558.819,17.116,1,0.041,3.138,0.019,9.941,0.308,0.427,0.081,83,84,25,14,32,50,118,38,33,5,0.0000,0,8.5610,1,1,1.5000,39.0010,1.5000,0.0000,0.0000,0.0000,1,0.0000,-1.3797
92,1576.733,14.014,1,0.001,4.209,0.031,12.603,0.388,0.527,0.097,82,84,25,14,30,50,120,39,33,6,0.0000,0,8.5610,1,1,1.5000,39.0010,1.5000,0.0000,0.0000,0.0000,1,0.0000,-1.3797
93,1591.380,17.906,1,0.001,2.335,0.017,11.354,0.294,0.515,0.081,79,84,25,14,29,50,122,39,33,6,0.0000,0,8.5610,1,1,1.5000,39.0010,1.5000,0.0000,0.0000,0.0000,1,0.0000,-1.3797
94,1607.147,14.643,1,0.056,1.430,0.057,13.372,0.261,0.474,0.071,78,84,25,14,33,50,122,39,34,5,0.0000,0,8.5610,1,1,1.5000,39.0010,1.5000,0.0000,0.0000,0.0000,1,0.0000,-1.3797
95,1623.704,15.806,1,0.001,1.420,0.083,14.184,0.283,0.419,0.081,76,84,25,14,29,50,122,40,34,6,0.0000,0,8.5610,1,1,1.5000,39.0010,1.5000,0.0000,0.0000,0.0000,1,0.0000,-1.3797
96,1649.651,16.527,1,0.002,8.537,0.034,15.154,0.768,1.217,0.170,75,84,26,15,28,52,122,40,34,6,0.0000,0,8.5610,1,1,1.5000,39.0010,1.5000,0.0000,0.0000,0.0000,1,0.0000,-1.3797
97,1659.977,26.001,1,0.103,2.737,0.098,5.544,0.630,0.895,0.202,71,88,26,15,37,52,122,40,35,5,0.0000,0,8.5610,1,1,1.5000,39.0010,1.5000,0.0000,0.0000,0.0000,1,0.0000,-1.3797
98,1677.262,10.306,1,0.002,3.151,0.128,12.073,0.723,0.937,0.174,74,88,26,15,35,52,122,41,35,6,0.0000,0,8.5610,1,1,1.5000,39.0010,1.5000,0.0000,0.0000,0.0000,1,0.0000,-1.3797
99,1693.795,17.283,1,0.002,2.914,0.121,11.386,0.776,1.029,0.209,72,88,26,15,34,52,122,41,35,6,0.0000,0,8.5610,1,1,1.5000,39.0010,1.5000,0.0000,0.0000,0.0000,1,0.0000,-1.3797
100,1709.556,16.575,1,0.104,2.278,0.101,11.387,0.654,0.926,0.175,71,88,26,15,38,52,122,41,36,5,0.0000,0,8.5610,1,1,1.5000,39.0010,1.5000,0.0000,0.0000,0.0000,1,0.0000,-1.3797
101,1733.053,15.720,1,0.003,8.198,0.075,12.620,0.999,1.254,0.249,70,88,26,15,36,52,124,42,36,6,0.0000,0,8.5610,1,1,1.5000,39.0010,1.5000,0.0000,0.0000,0.0000,1,0.0000,-1.3797
102,1748.512,23.504,1,0.002,8.016,0.032,5.540,0.655,0.935,0.174,67,88,26,15,35,52,126,42,36,6,0.0000,0,8.5610,1,1,1.5000,39.0010,1.5000,0.0000,0.0000,0.0000,1,0.0000,-1.3797
103,1760.266,15.453,1,0.102,2.892,0.099,6.819,0.644,0.927,0.175,67,92,26,15,41,52,126,42,37,5,0.0000,0,8.5610,1,1,1.5000,39.0010,1.5000,0.0000,0.0000,0.0000,1,0.0000,-1.3797
104,1779.996,11.751,1,0.003,5.881,0.076,11.811,0.736,0.908,0.218,69,92,26,15,40,52,128,43,37,6,0.0000,0,8.5610,1,1,1.5000,39.0010,1.5000,0.0000,0.0000,0.0000,1,0.0000,-1.3797
105,1803.367,19.730,1,0.002,12.902,0.048,8.472,0.706,0.983,0.160,67,92,26,15,39,52,130,43,37,6,0.0000,0,8.5610,1,1,1.5000,39.0010,1.5000,0.0000,0.0000,0.0000,1,0.0000,-1.3797
106,1809.162,23.364,1,0.078,2.769,0.035,1.742,0.411,0.573,0.106,65,92,26,15,40,52,132,44,38,6,0.0000,0,8.5610,1,1,1.5000,39.0010,1.5000,0.0000,0.0000,0.0000,1,0.0000,-1.3797
107,1827.600,5.772,1,0.002,4.698,0.019,12.605,0.403,0.541,0.112,76,92,26,15,37,52,134,44,38,6,0.0000,0,8.5610,1,1,1.5000,39.0010,1.5000,0.0000,0.0000,0.0000,1,0.0000,-1.3797
108,1843.197,18.438,1,0.001,3.756,0.019,10.733,0.370,0.550,0.111,73,92,26,15,36,52,136,44,38,6,0.0000,0,8.5610,1,1,1.5000,39.0010,1.5000,0.0000,0.0000,0.0000,1,0.0000,-1.3797
109,1858.711,15.598,1,0.070,2.448,0.020,11.930,0.376,0.503,0.107,73,96,26,15,41,52,138,44,39,5,0.0000,0,8.5610,1,1,1.5000,39.0010,1.5000,0.0000,0.0000,0.0000,1,0.0000,-1.3797
110,1875.893,15.514,1,0.002,2.688,0.059,13.072,0.510,0.637,0.153,72,96,27,15,38,54,138,45,39,6,0.0000,0,8.5610,1,1,1.5000,39.0010,1.5000,0.0000,0.0000,0.0000,1,0.0000,-1.3797
111,1892.242,17.189,1,0.003,2.159,0.109,12.587,0.551,0.706,0.163,70,96,27,15,36,54,138,45,39,6,0.0000,0,8.5610,1,1,1.5000,39.0010,1.5000,0.0000,0.0000,0.0000,1,0.0000,-1.3797
112,1910.174,16.382,1,0.115,3.216,0.087,12.919,0.545,0.797,0.151,69,97,27,15,38,54,138,45,40,5,0.0000,0,8.5610,1,1,1.5000,39.0010,1.5000,0.0000,0.0000,0.0000,1,0.0000,-1.3797
113,1926.816,17.931,1,0.002,2.869,0.119,11.750,0.559,1.088,0.150,68,97,27,15,35,54,138,46,40,6,0.0000,0,0.0000,0,0,1.5000,39.0010,1.5000,0.0000,0.0000,0.0000,1,0.0000,-1.3797
114,1944.256,16.670,1,0.003,2.608,0.109,11.876,0.734,1.783,0.193,67,97,27,15,34,54,138,46,40,6,0.0000,0,0.0000,0,0,1.5000,39.0010,1.5000,0.0000,0.0000,0.0000,1,0.0000,-1.3797
115,1959.491,17.440,1,0.101,2.165,0.100,10.941,0.671,0.937,0.188,66,100,27,15,38,54,138,46,41,5,0.0000,0,0.0000,0,0,1.5000,39.0010,1.5000,0.0000,0.0000,0.0000,1,0.0000,-1.3797
116,1976.225,15.251,1,0.003,2.136,0.235,12.311,0.789,0.909,0.201,66,100,27,15,36,54,138,47,41,6,0.0000,0,0.0000,0,0,1.5000,39.0010,1.5000,0.0000,0.0000,0.0000,1,0.0000,-1.3797
117,1993.324,16.744,1,0.003,2.426,0.168,12.452,0.896,0.804,0.189,66,100,27,15,35,54,138,47,41,6,0.0000,0,0.0000,0,0,1.5000,39.0010,1.5000,0.0000,0.0000,0.0000,1,0.0000,-1.3797
118,2009.247,17.126,1,0.097,2.471,0.083,11.653,0.526,0.762,0.147,65,101,27,15,39,54,138,47,42,5,0.0000,0,0.0000,0,0,1.5000,39.0010,1.5000,0.0000,0.0000,0.0000,1,0.0000,-1.3797
119,2025.634,15.857,1,0.002,2.129,0.125,12.601,0.538,0.726,0.147,65,101,27,15,37,54,138,48,42,6,0.0000,0,0.0000,0,0,1.5000,39.0010,1.5000,0.0000,0.0000,0.0000,1,0.0000,-1.3797
120,2043.809,16.382,1,0.003,3.040,0.146,12.963,0.734,0.914,0.258,64,101,27,15,36,54,138,48,42,6,0.0000,0,0.0000,0,0,1.5000,39.0010,1.5000,0.0000,0.0000,0.0000,1,0.0000,-1.3797
121,2060.261,18.298,1,0.113,2.455,0.116,11.546,0.725,1.031,0.224,63,104,27,15,42,54,138,48,43,5,0.0000,0,0.0000,0,0,1.5000,39.0010,1.5000,0.0000,0.0000,0.0000,1,0.0000,-1.3797
122,2078.044,16.389,1,0.003,3.568,0.203,11.818,0.782,0.993,0.241,63,104,27,15,40,54,138,49,43,6,0.0000,0,0.0000,0,0,1.5000,39.0010,1.5000,0.0000,0.0000,0.0000,1,0.0000,-1.3797
123,2094.089,17.776,1,0.032,3.072,0.144,10.639,0.789,0.906,0.287,62,104,27,15,39,54,138,49,43,6,0.0000,0,0.0000,0,0,1.5000,39.0010,1.5000,0.0000,0.0000,0.0000,1,0.0000,-1.3797
124,2112.588,16.096,1,0.106,5.988,0.021,10.957,0.411,0.637,0.164,62,105,27,15,40,54,140,49,44,5,0.0000,0,0.0000,0,0,1.5000,39.0010,1.5000,0.0000,0.0000,0.0000,1,0.0000,-1.3797
125,2124.058,18.413,1,0.001,1.169,0.054,8.878,0.626,0.523,0.089,62,105,28,15,36,56,140,50,44,6,0.0000,0,0.0000,0,0,1.5000,39.0010,1.5000,0.0000,0.0000,0.0000,1,0.0000,-1.3797
126,2141.321,11.414,1,0.005,2.320,0.013,14.064,0.264,0.430,0.097,64,105,28,15,36,56,142,50,44,6,0.0000,0,0.0000,0,0,1.5000,39.0010,1.5000,0.0000,0.0000,0.0000,1,0.0000,-1.3797
127,2157.700,17.279,1,0.045,2.271,0.012,13.317,0.240,0.325,0.080,64,109,28,15,43,56,144,50,45,5,0.0000,0,0.0000,0,0,1.5000,39.0010,1.5000,0.0000,0.0000,0.0000,1,0.0000,-1.3797
128,2175.632,16.375,1,0.001,2.824,0.048,13.946,0.379,0.549,0.100,63,109,28,15,42,56,146,51,45,6,0.0000,0,0.0000,0,0,1.5000,39.0010,1.5000,0.0000,0.0000,0.0000,1,0.0000,-1.3797
129,2190.864,17.932,1,0.001,1.479,0.109,12.596,0.342,0.505,0.115,63,109,28,15,38,56,146,51,45,6,0.0000,0,0.0000,0,0,1.5000,39.0010,1.5000,0.0000,0.0000,0.0000,1,0.0000,-1.3797
130,2208.551,15.232,1,0.072,2.670,0.055,13.843,0.392,0.478,0.093,63,110,28,15,38,56,146,51,46,5,0.0000,0,0.0000,0,0,1.5000,39.0010,1.5000,0.0000,0.0000,0.0000,1,0.0000,-1.3797
131,2224.426,17.652,1,0.002,1.720,0.072,12.932,0.380,0.615,0.105,62,110,28,15,34,56,146,52,46,6,0.0000,0,0.0000,0,0,1.5000,39.0010,1.5000,0.0000,0.0000,0.0000,1,0.0000,-1.3797
132,2243.608,15.876,1,0.049,2.157,0.060,16.120,0.252,0.409,0.086,62,113,28,15,39,56,146,52,47,5,0.0000,0,0.0000,0,0,1.5000,39.0010,1.5000,0.0000,0.0000,0.0000,1,0.0000,-1.3797
133,2256.380,19.184,1,0.004,0.658,0.044,11.098,0.270,0.555,0.093,61,113,28,15,36,56,146,52,47,5,0.0000,0,0.0000,0,0,1.5000,39.0010,1.5000,0.0000,0.0000,0.0000,1,0.0000,-1.3797
134,2273.711,12.766,1,0.001,1.437,0.077,15.027,0.295,0.371,0.078,63,113,28,15,32,56,146,53,47,6,0.0000,0,0.0000,0,0,1.5000,39.0010,1.5000,0.0000,0.0000,0.0000,1,0.0000,-1.3797
135,2290.756,17.328,1,0.005,1.928,0.042,14.440,0.241,0.280,0.070,62,113,28,15,32,56,146,53,47,6,0.0000,0,0.0000,0,0,1.5000,39.0010,1.5000,0.0000,0.0000,0.0000,1,0.0000,-1.3797
136,2311.591,17.045,1,0.111,3.903,0.111,14.548,0.842,1.065,0.206,62,117,28,15,41,56,146,53,48,5,0.0000,0,0.0000,0,0,1.5000,39.0010,1.5000,0.0000,0.0000,0.0000,1,0.0000,-1.3797
137,2326.437,20.897,1,0.002,2.247,0.149,10.313,0.694,1.113,0.215,61,117,28,15,39,56,146,54,48,6,0.0000,0,0.0000,0,0,1.5000,39.0010,1.5000,0.0000,0.0000,0.0000,1,0.0000,-1.3797
138,2343.373,14.857,1,0.002,2.971,0.104,12.081,0.682,0.787,0.187,61,117,28,15,37,56,146,54,48,6,0.0000,0,0.0000,0,0,1.5000,39.0010,1.5000,0.0000,0.0000,0.0000,1,0.0000,-1.3797
139,2359.932,16.915,1,0.125,2.345,0.107,11.764,0.859,1.035,0.222,61,118,28,15,39,56,146,54,49,5,0.0000,0,0.0000,0,0,1.5000,39.0010,1.5000,0.0000,0.0000,0.0000,1,0.0000,-1.3797
140,2377.595,16.560,1,0.017,3.377,0.153,12.175,0.725,0.943,0.173,61,118,28,15,39,56,146,55,49,6,0.0000,0,0.0000,0,0,1.5000,39.0010,1.5000,0.0000,0.0000,0.0000,1,0.0000,-1.3797
141,2394.155,17.658,1,0.002,3.537,0.101,10.978,0.687,0.924,0.234,61,118,28,15,36,56,146,55,49,6,0.0000,0,0.0000,0,0,1.5000,39.0010,1.5000,0.0000,0.0000,0.0000,1,0.0000,-1.3797
142,2410.478,16.670,1,0.131,2.555,0.112,11.052,0.794,1.252,0.220,61,121,28,15,42,56,146,55,50,5,0.0000,0,0.0000,0,0,1.5000,39.0010,1.5000,0.0000,0.0000,0.0000,1,0.0000,-1.3797
143,2432.373,16.237,1,0.003,8.644,0.077,11.211,0.735,0.905,0.198,61,121,29,15,38,58,146,56,50,6,0.0000,0,0.0000,0,0,1.5000,39.0010,1.5000,0.0000,0.0000,0.0000,1,0.0000,-1.3797
144,2447.804,21.931,1,0.003,7.303,0.032,6.125,0.665,0.956,0.189,59,121,30,16,37,60,146,56,50,6,0.0000,0,0.0000,0,0,1.5000,39.0010,1.5000,0.0000,0.0000,0.0000,1,0.0000,-1.3797
145,2466.432,15.464,1,0.130,8.163,0.043,7.921,0.779,1.201,0.203,60,123,30,16,43,60,148,56,51,5,0.0000,0,0.0000,0,0,1.5000,39.0010,1.5000,0.0000,0.0000,0.0000,1,0.0000,-1.3797
146,2480.423,18.623,1,0.003,6.334,0.068,5.480,0.758,0.981,0.184,59,123,30,16,41,60,150,57,51,6,0.0000,0,0.0000,0,0,1.5000,39.0010,1.5000,0.0000,0.0000,0.0000,1,0.0000,-1.3797
147,2493.403,13.953,1,0.002,2.535,0.221,8.050,0.905,0.917,0.191,60,123,30,16,39,60,150,57,51,6,0.0000,0,0.0000,0,0,1.5000,39.0010,1.5000,0.0000,0.0000,0.0000,1,0.0000,-1.3797
148,2514.174,12.990,1,0.105,6.953,0.033,11.745,0.658,0.929,0.192,62,126,30,16,44,60,152,57,52,5,0.0000,0,0.0000,0,0,1.5000,39.0010,1.5000,0.0000,0.0000,0.0000,1,0.0000,-1.3797
149,2531.259,20.760,1,0.003,6.966,0.061,7.744,0.845,1.136,0.183,61,126,30,16,43,60,154,58,52,6,0.0000,0,0.0000,0,0,1.5000,39.0010,1.5000,0.0000,0.0000,0.0000,1,0.0000,-1.3797
150,2543.360,17.095,1,0.002,3.458,0.104,6.974,0.607,0.651,0.153,60,126,30,16,40,60,154,58,52,6,0.0000,0,0.0000,0,0,1.5000,39.0010,1.5000,0.0000,0.0000,0.0000,1,0.0000,-1.3797
151,2559.499,12.068,1,0.113,2.457,0.085,11.887,0.553,0.770,0.155,63,129,30,16,45,60,154,58,53,5,0.0000,0,0.0000,0,0,1.5000,39.0010,1.5000,0.0000,0.0000,0.0000,1,0.0000,-1.3797
152,2578.774,16.182,1,0.002,5.186,0.065,12.296,0.692,0.713,0.156,63,129,30,16,44,60,156,59,53,6,0.0000,0,0.0000,0,0,1.5000,39.0010,1.5000,0.0000,0.0000,0.0000,1,0.0000,-1.3797
153,2598.391,19.294,1,0.003,7.293,0.035,9.874,0.651,1.366,0.210,61,129,30,16,43,60,158,59,53,6,0.0000,0,0.0000,0,0,1.5000,39.0010,1.5000,0.0000,0.0000,0.0000,1,0.0000,-1.3797
154,2619.307,19.602,1,0.160,10.927,0.065,6.959,1.280,1.193,0.161,60,130,30,16,47,60,160,59,54,5,0.0000,0,0.0000,0,0,1.5000,39.0010,1.5000,0.0000,0.0000,0.0000,1,0.0000,-1.3797
155,2625.898,20.906,1,0.002,2.428,0.100,2.660,0.539,0.566,0.139,59,130,30,16,45,60,160,60,54,6,0.0000,0,0.0000,0,0,1.5000,39.0010,1.5000,0.0000,0.0000,0.0000,1,0.0000,-1.3797
156,2641.817,6.515,1,0.007,2.350,0.081,12.347,0.448,0.496,0.113,69,130,30,16,44,60,160,60,54,6,0.0000,0,0.0000,0,0,1.5000,39.0010,1.5000,0.0000,0.0000,0.0000,1,0.0000,-1.3797
157,2661.772,15.937,1,0.147,3.775,0.109,13.788,0.754,1.087,0.194,68,134,30,16,50,60,160,60,55,5,0.0000,0,0.0000,0,0,1.5000,39.0010,1.5000,0.0000,0.0000,0.0000,1,0.0000,-1.3797
158,2677.967,19.983,1,0.002,3.581,0.153,10.341,0.757,1.017,0.213,66,134,30,16,48,60,160,61,55,6,0.0000,0,0.0000,0,0,1.5000,39.0010,1.5000,0.0000,0.0000,0.0000,1,0.0000,-1.3797
159,2694.342,16.169,1,0.003,3.097,0.135,10.827,0.881,1.092,0.232,66,134,30,16,47,60,160,61,55,6,0.0000,0,0.0000,0,0,1.5000,39.0010,1.5000,0.0000,0.0000,0.0000,1,0.0000,-1.3797
160,2711.193,16.390,1,0.145,3.278,0.147,10.914,0.841,1.238,0.168,65,135,30,16,49,60,160,61,56,5,0.0000,0,0.0000,0,0,1.5000,39.0010,1.5000,0.0000,0.0000,0.0000,1,0.0000,-1.3797
161,2724.529,16.822,1,0.009,1.314,0.111,10.685,0.472,0.544,0.112,65,135,30,16,47,60,160,62,56,6,0.0000,0,0.0000,0,0,1.5000,39.0010,1.5000,0.0000,0.0000,0.0000,1,0.0000,-1.3797
162,2744.753,13.312,1,0.002,5.170,0.019,13.883,0.412,0.561,0.118,66,135,31,16,44,62,160,62,56,6,0.0000,0,0.0000,0,0,1.5000,39.0010,1.5000,0.0000,0.0000,0.0000,1,0.0000,-1.3797
163,2757.953,20.231,1,0.071,1.411,0.072,10.419,0.403,0.622,0.138,64,138,31,16,47,62,160,62,57,5,0.0000,0,0.0000,0,0,1.5000,39.0010,1.5000,0.0000,0.0000,0.0000,1,0.0000,-1.3797
164,2777.031,13.194,1,0.002,3.996,0.050,13.665,0.569,0.623,0.111,65,138,32,17,46,64,160,63,57,6,0.0000,0,0.0000,0,0,1.5000,39.0010,1.5000,0.0000,0.0000,0.0000,1,0.0000,-1.3797
165,2793.156,19.080,1,0.001,3.767,0.018,11.285,0.343,0.553,0.095,64,138,33,17,44,66,160,63,57,6,0.0000,0,0.0000,0,0,1.5000,39.0010,1.5000,0.0000,0.0000,0.0000,1,0.0000,-1.3797
166,2811.208,16.116,1,0.068,4.583,0.022,12.165,0.389,0.668,0.103,64,140,33,17,47,66,162,63,58,5,0.0000,0,0.0000,0,0,1.5000,39.0010,1.5000,0.0000,0.0000,0.0000,1,0.0000,-1.3797
167,2826.413,18.053,1,0.001,4.015,0.030,10.185,0.337,0.512,0.071,63,140,33,17,46,66,164,64,58,6,0.0000,0,0.0000,0,0,1.5000,39.0010,1.5000,0.0000,0.0000,0.0000,1,0.0000,-1.3797
168,2844.737,15.192,1,0.043,3.705,0.015,13.857,0.264,0.335,0.068,63,143,33,17,51,66,168,64,59,5,0.0000,0,0.0000,0,0,1.5000,39.0010,1.5000,0.0000,0.0000,0.0000,1,0.0000,-1.3797
169,2858.988,18.324,1,0.002,1.999,0.065,11.236,0.372,0.463,0.072,62,143,33,17,47,66,168,64,59,5,0.0000,0,0.0000,0,0,1.5000,39.0010,1.5000,0.0000,0.0000,0.0000,1,0.0000,-1.3797
170,2873.570,14.262,1,0.001,1.352,0.078,12.388,0.285,0.355,0.071,63,143,33,17,43,66,168,65,59,6,0.0000,0,0.0000,0,0,1.5000,39.0010,1.5000,0.0000,0.0000,0.0000,1,0.0000,-1.3797
171,2894.391,14.579,1,0.008,3.867,0.018,15.559,0.378,0.567,0.377,64,143,33,17,43,66,170,65,59,6,0.0000,0,0.0000,0,0,1.5000,39.0010,1.5000,0.0000,0.0000,0.0000,1,0.0000,-1.3797
172,2909.970,20.820,1,0.052,4.176,0.018,10.344,0.314,0.529,0.099,62,146,33,17,48,66,172,65,60,5,0.0000,0,0.0000,0,0,1.5000,39.0010,1.5000,0.0000,0.0000,0.0000,1,0.0000,-1.3797
173,2925.308,15.583,1,0.001,2.878,0.033,11.458,0.332,0.495,0.090,62,146,33,17,47,66,174,66,60,6,0.0000,0,0.0000,0,0,1.5000,39.0010,1.5000,0.0000,0.0000,0.0000,1,0.0000,-1.3797
174,2944.168,15.337,1,0.003,3.338,0.044,13.198,0.698,1.324,0.197,63,146,33,17,46,66,176,66,60,6,0.0000,0,0.0000,0,0,1.5000,39.0010,1.5000,0.0000,0.0000,0.0000,1,0.0000,-1.3797
175,2958.961,18.909,1,0.076,2.455,0.028,10.906,0.472,0.604,0.148,62,148,33,17,50,66,178,66,61,5,0.0000,0,0.0000,0,0,1.5000,39.0010,1.5000,0.0000,0.0000,0.0000,1,0.0000,-1.3797
176,2975.431,14.758,1,0.002,2.271,0.084,12.735,0.487,0.697,0.124,62,148,33,17,47,66,178,67,61,6,0.0000,0,0.0000,0,0,1.5000,39.0010,1.5000,0.0000,0.0000,0.0000,1,0.0000,-1.3797
177,2992.420,16.466,1,0.002,2.432,0.089,13.044,0.535,0.673,0.150,62,148,33,17,45,66,178,67,61,6,0.0000,0,0.0000,0,0,1.5000,39.0010,1.5000,0.0000,0.0000,0.0000,1,0.0000,-1.3797
178,3009.422,17.004,1,0.075,2.778,0.071,12.799,0.466,0.611,0.124,62,150,33,17,47,66,178,67,62,5,0.0000,0,0.0000,0,0,1.5000,39.0010,1.5000,0.0000,0.0000,0.0000,1,0.0000,-1.3797
179,3026.008,16.988,1,0.003,2.616,0.105,12.556,0.484,0.627,0.128,61,150,33,17,43,66,178,68,62,6,0.0000,0,0.0000,0,0,1.5000,39.0010,1.5000,0.0000,0.0000,0.0000,1,0.0000,-1.3797
180,3044.612,16.586,1,0.008,4.819,0.022,12.485,0.463,0.614,0.127,61,150,34,17,42,68,178,68,62,6,0.0000,0,0.0000,0,0,1.5000,39.0010,1.5000,0.0000,0.0000,0.0000,1,0.0000,-1.3797
181,3059.173,18.604,1,0.079,2.471,0.075,10.702,0.429,0.616,0.125,61,153,34,17,46,68,178,68,63,5,0.0000,0,0.0000,0,0,1.5000,39.0010,1.5000,0.0000,0.0000,0.0000,1,0.0000,-1.3797
182,3077.755,14.562,1,0.002,4.533,0.040,12.662,0.538,0.616,0.126,61,153,35,18,44,70,178,69,63,6,0.0000,0,0.0000,0,0,1.5000,39.0010,1.5000,0.0000,0.0000,0.0000,1,0.0000,-1.3797
183,3092.498,18.582,1,0.008,2.605,0.086,10.601,0.542,0.685,0.147,61,153,35,18,43,70,178,69,63,6,0.0000,0,0.0000,0,0,1.5000,39.0010,1.5000,0.0000,0.0000,0.0000,1,0.0000,-1.3797
184,3108.891,14.753,1,0.093,2.112,0.070,12.769,0.456,0.663,0.152,61,155,35,18,47,70,178,69,64,5,0.0000,0,0.0000,0,0,1.5000,39.0010,1.5000,0.0000,0.0000,0.0000,1,0.0000,-1.3797
185,3126.107,16.382,1,0.002,2.824,0.067,12.979,0.507,0.644,0.125,61,155,35,18,43,70,180,70,64,6,0.0000,0,0.0000,0,0,1.5000,39.0010,1.5000,0.0000,0.0000,0.0000,1,0.0000,-1.3797
186,3142.759,17.218,1,0.002,2.664,0.083,12.488,0.550,0.638,0.159,61,155,35,18,40,70,180,70,64,6,0.0000,0,0.0000,0,0,1.5000,39.0010,1.5000,0.0000,0.0000,0.0000,1,0.0000,-1.3797
187,3158.970,16.671,1,0.090,2.165,0.038,12.309,0.561,0.747,0.213,61,157,35,18,42,70,182,70,65,5,0.0000,0,0.0000,0,0,1.5000,39.0010,1.5000,0.0000,0.0000,0.0000,1,0.0000,-1.3797
188,3176.140,16.203,1,0.002,2.439,0.108,13.005,0.618,0.766,0.151,61,157,35,18,40,70,182,71,65,6,0.0000,0,0.0000,0,0,1.5000,39.0010,1.5000,0.0000,0.0000,0.0000,1,0.0000,-1.3797
189,3193.264,17.243,1,0.008,3.129,0.086,12.283,0.551,0.764,0.149,61,157,35,18,39,70,182,71,65,6,0.0000,0,0.0000,0,0,1.5000,39.0010,1.5000,0.0000,0.0000,0.0000,1,0.0000,-1.3797
190,3209.591,17.051,1,0.106,2.408,0.085,12.146,0.524,0.828,0.149,60,160,35,18,43,70,182,71,66,5,0.0000,0,0.0000,0,0,1.5000,39.0010,1.5000,0.0000,0.0000,0.0000,1,0.0000,-1.3797
191,3225.920,16.329,1,0.002,2.182,0.105,12.337,0.656,0.780,0.186,61,160,35,18,40,70,182,72,66,6,0.0000,0,0.0000,0,0,1.5000,39.0010,1.5000,0.0000,0.0000,0.0000,1,0.0000,-1.3797
192,3247.826,16.326,1,0.002,7.506,0.027,12.745,0.536,0.864,0.147,61,160,36,18,37,72,182,72,66,6,0.0000,0,0.0000,0,0,1.5000,39.0010,1.5000,0.0000,0.0000,0.0000,1,0.0000,-1.3797
193,3259.506,21.984,1,0.095,2.668,0.084,7.217,0.521,0.788,0.150,59,162,36,18,41,72,182,72,67,5,0.0000,0,0.0000,0,0,1.5000,39.0010,1.5000,0.0000,0.0000,0.0000,1,0.0000,-1.3797
194,3275.980,11.605,1,0.002,2.266,0.107,12.439,0.636,0.755,0.184,62,162,36,18,39,72,182,73,67,6,0.0000,0,0.0000,0,0,1.5000,39.0010,1.5000,0.0000,0.0000,0.0000,1,0.0000,-1.3797
195,3295.498,16.473,1,0.002,5.157,0.059,12.608,0.523,0.935,0.154,62,162,37,18,37,74,182,73,67,6,0.0000,0,0.0000,0,0,1.5000,39.0010,1.5000,0.0000,0.0000,0.0000,1,0.0000,-1.3797
196,3309.458,19.514,1,0.100,2.343,0.088,9.883,0.524,0.793,0.151,61,164,37,18,40,74,182,73,68,5,0.0000,0,0.0000,0,0,1.5000,39.0010,1.5000,0.0000,0.0000,0.0000,1,0.0000,-1.3797
197,3328.554,13.962,1,0.002,4.443,0.071,12.602,0.939,0.808,0.151,62,164,38,19,38,76,182,74,68,6,0.0000,0,0.0000,0,0,1.5000,39.0010,1.5000,0.0000,0.0000,0.0000,1,0.0000,-1.3797
198,3343.418,19.094,1,0.002,2.967,0.106,9.852,0.722,0.938,0.198,61,164,38,19,36,76,182,74,68,6,0.0000,0,0.0000,0,0,1.5000,39.0010,1.5000,0.0000,0.0000,0.0000,1,0.0000,-1.3797
199,3359.834,14.893,1,0.123,2.991,0.084,11.646,0.560,0.750,0.155,61,166,38,19,38,76,182,74,69,5,0.0000,0,0.0000,0,0,1.5000,39.0010,1.5000,0.0000,0.0000,0.0000,1,0.0000,-1.3797
200,3378.974,16.413,1,0.002,5.219,0.061,11.960,0.605,0.978,0.212,61,166,39,19,37,78,182,75,69,6,0.0000,0,0.0000,0,0,1.5000,39.0010,1.5000,0.0000,0.0000,0.0000,1,0.0000,-1.3797
201,3396.694,19.126,1,0.002,5.915,0.028,9.566,0.758,1.198,0.165,60,166,40,20,36,80,182,75,69,6,0.0000,0,0.0000,0,0,1.5000,39.0010,1.5000,0.0000,0.0000,0.0000,1,0.0000,-1.3797
202,3410.361,17.783,1,0.115,3.302,0.096,8.282,0.707,0.850,0.165,60,169,40,20,40,80,182,75,70,5,0.0000,0,0.0000,0,0,1.5000,39.0010,1.5000,0.0000,0.0000,0.0000,1,0.0000,-1.3797
203,3426.602,13.604,1,0.002,2.899,0.144,11.478,0.589,0.879,0.159,61,169,40,20,37,80,182,76,70,6,0.0000,0,0.0000,0,0,1.5000,39.0010,1.5000,0.0000,0.0000,0.0000,1,0.0000,-1.3797
204,3444.684,16.248,1,0.002,3.020,0.111,11.994,1.706,0.964,0.185,61,169,40,20,36,80,182,76,70,6,0.0000,0,0.0000,0,0,1.5000,39.0010,1.5000,0.0000,0.0000,0.0000,1,0.0000,-1.3797
205,3458.703,18.078,1,0.107,2.223,0.069,10.384,0.434,0.587,0.122,61,170,40,20,42,80,182,76,71,5,0.0000,0,0.0000,0,0,1.5000,39.0010,1.5000,0.0000,0.0000,0.0000,1,0.0000,-1.3797
206,3474.805,14.039,1,0.001,2.316,0.090,12.688,0.367,0.439,0.090,62,170,40,20,39,80,182,77,71,6,0.0000,0,0.0000,0,0,1.5000,39.0010,1.5000,0.0000,0.0000,0.0000,1,0.0000,-1.3797
207,3491.267,16.068,1,0.002,2.402,0.045,13.275,0.292,0.294,0.080,62,170,40,20,36,80,182,77,71,6,0.0000,0,0.0000,0,0,1.5000,39.0010,1.5000,0.0000,0.0000,0.0000,1,0.0000,-1.3797
208,3507.855,16.427,1,0.049,1.694,0.046,13.571,0.276,0.478,0.434,62,173,40,20,45,80,182,77,72,5,0.0000,0,0.0000,0,0,1.5000,39.0010,1.5000,0.0000,0.0000,0.0000,1,0.0000,-1.3797
209,3524.576,16.598,1,0.001,2.081,0.075,13.544,0.374,0.504,0.092,62,173,40,20,41,80,182,78,72,6,0.0000,0,0.0000,0,0,1.5000,39.0010,1.5000,0.0000,0.0000,0.0000,1,0.0000,-1.3797
210,3542.824,16.722,1,0.044,0.939,0.080,16.139,0.371,0.527,0.096,61,174,40,20,43,80,182,78,73,5,0.0000,0,0.0000,0,0,1.5000,39.0010,1.5000,0.0000,0.0000,0.0000,1,0.0000,-1.3797
211,3557.511,18.402,1,0.007,1.845,0.047,11.841,0.330,0.341,0.072,61,174,40,20,45,80,182,78,73,5,0.0000,0,0.0000,0,0,1.5000,39.0010,1.5000,0.0000,0.0000,0.0000,1,0.0000,-1.3797
212,3574.150,14.525,1,0.001,1.886,0.067,13.909,0.283,0.382,0.070,62,174,40,20,41,80,182,79,73,6,0.0000,0,0.0000,0,0,1.5000,39.0010,1.5000,0.0000,0.0000,0.0000,1,0.0000,-1.3797
213,3591.362,16.644,1,0.001,2.183,0.058,13.982,0.347,0.504,0.090,61,174,40,20,37,80,182,79,73,6,0.0000,0,0.0000,0,0,1.5000,39.0010,1.5000,0.0000,0.0000,0.0000,1,0.0000,-1.3797
214,3607.098,17.217,1,0.053,1.150,0.088,13.495,0.328,0.490,0.074,61,177,40,20,48,80,182,79,74,5,0.0000,0,0.0000,0,0,1.5000,39.0010,1.5000,0.0000,0.0000,0.0000,1,0.0000,-1.3797
215,3624.280,15.738,1,0.001,1.718,0.053,14.686,0.285,0.318,0.068,61,177,40,20,44,80,182,80,74,6,0.0000,0,0.0000,0,0,1.5000,39.0010,1.5000,0.0000,0.0000,0.0000,1,0.0000,-1.3797
216,3640.385,17.177,1,0.001,1.369,0.049,13.873,0.312,0.376,0.078,61,177,40,20,40,80,182,80,74,6,0.0000,0,0.0000,0,0,1.5000,39.0010,1.5000,0.0000,0.0000,0.0000,1,0.0000,-1.3797
217,3658.553,16.106,1,0.053,2.676,0.013,14.721,0.247,0.337,0.074,61,179,40,20,50,80,184,80,75,5,0.0000,0,0.0000,0,0,1.5000,39.0010,1.5000,0.0000,0.0000,0.0000,1,0.0000,-1.3797
218,3673.904,18.171,1,0.001,1.075,0.179,13.098,0.432,0.408,0.097,61,179,40,20,46,80,184,81,75,6,0.0000,0,0.0000,0,0,1.5000,39.0010,1.5000,0.0000,0.0000,0.0000,1,0.0000,-1.3797
219,3691.941,15.355,1,0.005,2.605,0.016,14.429,0.309,0.483,0.135,61,179,40,20,47,80,186,81,75,6,0.0000,0,0.0000,0,0,1.5000,39.0010,1.5000,0.0000,0.0000,0.0000,1,0.0000,-1.3797
220,3713.356,18.046,1,0.092,6.296,0.030,13.316,0.606,0.840,0.165,60,182,40,20,53,80,188,81,76,5,0.0000,0,0.0000,0,0,1.5000,39.0010,1.5000,0.0000,0.0000,0.0000,1,0.0000,-1.3797
221,3728.935,21.434,1,0.002,5.224,0.070,8.446,0.712,0.838,0.195,59,182,40,20,52,80,190,82,76,6,0.0000,0,0.0000,0,0,1.5000,39.0010,1.5000,0.0000,0.0000,0.0000,1,0.0000,-1.3797
222,3743.936,15.575,1,0.002,3.564,0.093,9.662,0.629,0.770,0.195,60,182,40,20,48,80,190,82,76,6,0.0000,0,0.0000,0,0,1.5000,39.0010,1.5000,0.0000,0.0000,0.0000,1,0.0000,-1.3797
223,3765.189,15.001,1,0.107,7.936,0.029,11.481,0.600,0.852,0.161,60,184,40,20,55,80,192,82,77,5,0.0000,0,0.0000,0,0,1.5000,39.0010,1.5000,0.0000,0.0000,0.0000,1,0.0000,-1.3797
224,3778.930,21.254,1,0.002,5.226,0.050,6.643,0.693,0.830,0.212,59,184,40,20,54,80,194,83,77,6,0.0000,0,0.0000,0,0,1.5000,39.0010,1.5000,0.0000,0.0000,0.0000,1,0.0000,-1.3797
225,3796.003,13.743,1,0.002,5.557,0.030,9.606,0.602,0.984,0.203,60,184,40,20,52,80,196,83,77,6,0.0000,0,0.0000,0,0,1.5000,39.0010,1.5000,0.0000,0.0000,0.0000,1,0.0000,-1.3797
226,3816.804,17.095,1,0.144,8.869,0.048,9.333,0.914,1.184,0.198,60,186,40,20,59,80,198,83,78,5,0.0000,0,0.0000,0,0,1.5000,39.0010,1.5000,0.0000,0.0000,0.0000,1,0.0000,-1.3797
227,3832.231,20.844,1,0.003,6.963,0.043,6.724,0.580,0.775,0.186,59,186,40,20,58,80,200,84,78,6,0.0000,0,0.0000,0,0,1.5000,39.0010,1.5000,0.0000,0.0000,0.0000,1,0.0000,-1.3797
228,3843.878,15.372,1,0.068,2.443,0.065,7.785,0.431,0.639,0.123,60,190,40,20,62,80,200,84,79,5,0.0000,0,0.0000,0,0,1.5000,39.0010,1.5000,0.0000,0.0000,0.0000,1,0.0000,-1.3797
229,3861.013,11.606,1,0.001,2.947,0.022,13.028,0.394,0.577,0.114,62,190,40,20,61,80,202,84,79,5,0.0000,0,0.0000,0,0,1.5000,39.0010,1.5000,0.0000,0.0000,0.0000,1,0.0000,-1.3797
230,3878.880,17.148,1,0.001,4.436,0.038,12.226,0.463,0.516,0.123,62,190,40,20,58,80,204,85,79,6,0.0000,0,0.0000,0,0,1.5000,39.0010,1.5000,0.0000,0.0000,0.0000,1,0.0000,-1.3797
231,3898.000,17.865,1,0.008,6.801,0.032,11.073,0.427,0.581,0.133,61,190,40,20,58,80,206,85,79,6,0.0000,0,0.0000,0,0,1.5000,39.0010,1.5000,0.0000,0.0000,0.0000,1,0.0000,-1.3797
232,3909.604,19.122,1,0.070,1.887,0.054,8.634,0.345,0.451,0.098,60,191,40,20,60,80,206,85,80,5,0.0000,0,0.0000,0,0,1.5000,39.0010,1.5000,0.0000,0.0000,0.0000,1,0.0000,-1.3797
233,3927.167,11.604,1,0.002,2.665,0.097,13.639,0.400,0.596,0.099,63,191,40,20,57,80,206,86,80,6,0.0000,0,0.0000,0,0,1.5000,39.0010,1.5000,0.0000,0.0000,0.0000,1,0.0000,-1.3797
234,3943.275,17.565,1,0.001,2.142,0.063,12.781,0.362,0.591,0.100,62,191,40,20,54,80,206,86,80,6,0.0000,0,0.0000,0,0,1.5000,39.0010,1.5000,0.0000,0.0000,0.0000,1,0.0000,-1.3797
235,3962.710,16.168,1,0.130,2.252,0.008,13.905,1.235,1.493,0.263,62,194,40,20,58,80,206,86,81,5,0.0000,0,0.0000,0,0,1.5000,39.0010,1.5000,0.0000,0.0000,0.0000,1,0.0000,-1.3797
236,3978.771,19.510,1,0.003,2.751,0.046,10.624,0.910,1.266,0.245,61,194,40,20,55,80,206,87,81,6,0.0000,0,0.0000,0,0,1.5000,39.0010,1.5000,0.0000,0.0000,0.0000,1,0.0000,-1.3797
237,3994.673,16.069,1,0.011,2.232,0.020,11.334,0.946,0.926,0.210,61,194,40,20,55,80,206,87,81,6,0.0000,0,0.0000,0,0,1.5000,39.0010,1.5000,0.0000,0.0000,0.0000,1,0.0000,-1.3797
238,4011.626,15.850,1,0.128,2.474,0.115,12.084,0.767,1.017,0.204,61,196,40,20,60,80,206,87,82,5,0.0000,0,0.0000,0,0,1.5000,39.0010,1.5000,0.0000,0.0000,0.0000,1,0.0000,-1.3797
239,4032.617,16.945,1,0.003,6.872,0.065,11.839,0.829,1.019,0.207,61,196,40,20,59,80,208,88,82,6,0.0000,0,0.0000,0,0,1.5000,39.0010,1.5000,0.0000,0.0000,0.0000,1,0.0000,-1.3797
240,4051.291,20.987,1,0.002,8.428,0.060,7.499,0.804,1.399,0.325,60,196,40,18,58,80,210,88,82,6,0.0000,0,0.0000,0,0,1.5000,39.0010,1.5000,0.0000,0.0000,0.0000,1,0.0000,-1.3797
241,4064.468,18.827,1,0.126,6.198,0.030,5.229,0.557,0.635,0.101,59,198,40,18,62,80,212,88,83,5,0.0000,0,0.0000,0,0,1.5000,39.0010,1.5000,0.0000,0.0000,0.0000,1,0.0000,-1.3797
242,4077.111,12.975,1,0.002,2.771,0.023,8.864,0.327,0.471,0.089,61,198,40,18,61,80,214,89,83,6,0.0000,0,0.0000,0,0,1.5000,39.0010,1.5000,0.0000,0.0000,0.0000,1,0.0000,-1.3797
243,4094.408,12.612,1,0.013,3.416,0.016,12.843,0.309,0.533,0.102,63,201,40,18,65,80,216,89,83,6,0.0000,0,0.0000,0,0,1.5000,39.0010,1.5000,0.0000,0.0000,0.0000,1,0.0000,-1.3797
244,4110.984,17.319,1,0.058,3.056,0.016,12.506,0.315,0.439,0.098,62,202,40,19,65,80,218,89,84,5,0.0000,0,0.0000,0,0,1.5000,39.0010,1.5000,0.0000,0.0000,0.0000,1,0.0000,-1.3797
245,4127.505,16.559,1,0.001,3.227,0.035,12.268,0.378,0.454,0.087,62,202,41,18,61,82,218,90,84,6,0.0000,0,0.0000,0,0,1.5000,39.0010,1.5000,0.0000,0.0000,0.0000,1,0.0000,-1.3797
246,4147.049,16.516,1,0.063,4.850,0.019,13.588,0.358,0.501,0.099,62,202,42,19,60,84,218,90,85,5,0.0000,0,0.0000,0,0,1.5000,39.0010,1.5000,0.0000,0.0000,0.0000,1,0.0000,-1.3797
247,4159.250,19.554,1,0.007,1.859,0.052,9.468,0.277,0.384,0.080,61,202,42,18,59,84,218,90,85,5,0.0000,0,0.0000,0,0,1.5000,39.0010,1.5000,0.0000,0.0000,0.0000,1,0.0000,-1.3797
248,4176.264,12.185,1,0.001,2.223,0.022,13.985,0.253,0.395,0.077,63,202,43,18,57,86,218,91,85,6,0.0000,0,0.0000,0,0,1.5000,39.0010,1.5000,0.0000,0.0000,0.0000,1,0.0000,-1.3797
249,4196.001,17.014,1,0.001,4.845,0.022,13.789,0.370,0.480,0.170,63,202,44,21,56,88,218,91,85,6,0.0000,0,0.0000,0,0,1.5000,39.0010,1.5000,0.0000,0.0000,0.0000,1,0.0000,-1.3797
250,4211.526,19.753,1,0.075,2.651,0.053,11.694,0.371,0.514,0.095,61,206,44,20,60,88,218,91,86,5,0.0000,0,0.0000,0,0,1.5000,39.0010,1.5000,0.0000,0.0000,0.0000,1,0.0000,-1.3797
251,4227.461,15.528,1,0.001,2.115,0.187,12.492,0.396,0.570,0.094,62,206,45,19,56,90,218,92,86,6,0.0000,0,0.0000,0,0,1.5000,39.0010,1.5000,0.0000,0.0000,0.0000,1,0.0000,-1.3797
252,4244.226,15.927,1,0.066,2.005,0.060,13.615,0.331,0.514,0.103,62,207,45,19,57,90,218,92,87,5,0.0000,0,0.0000,0,0,1.5000,39.0010,1.5000,0.0000,0.0000,0.0000,1,0.0000,-1.3797
253,4258.237,16.763,1,0.005,0.598,0.048,12.385,0.334,0.505,0.069,62,207,45,19,56,90,218,92,87,5,0.0000,0,0.0000,0,0,1.5000,39.0010,1.5000,0.0000,0.0000,0.0000,1,0.0000,-1.3797
254,4275.569,14.006,1,0.001,1.602,0.064,14.965,0.261,0.300,0.076,63,207,45,19,52,90,218,93,87,6,0.0000,0,0.0000,0,0,1.5000,39.0010,1.5000,0.0000,0.0000,0.0000,1,0.0000,-1.3797
255,4291.683,17.325,1,0.049,0.882,0.061,14.321,0.332,0.337,0.073,62,210,45,18,57,90,218,93,88,5,0.0000,0,0.0000,0,0,1.5000,39.0010,1.5000,0.0000,0.0000,0.0000,1,0.0000,-1.3797
256,4311.437,16.125,1,0.003,2.463,0.149,15.217,0.773,0.872,0.201,62,210,45,17,53,90,218,93,88,5,0.0000,0,0.0000,0,0,1.5000,39.0010,1.5000,0.0000,0.0000,0.0000,1,0.0000,-1.3797
257,4328.689,19.823,1,0.002,2.854,0.165,12.067,0.788,1.033,0.196,61,210,45,17,50,90,218,94,88,6,0.0000,0,0.0000,0,0,1.5000,39.0010,1.5000,0.0000,0.0000,0.0000,1,0.0000,-1.3797
258,4345.283,17.211,1,0.011,2.996,0.108,11.571,0.729,0.883,0.191,61,210,45,17,51,90,218,94,88,6,0.0000,0,0.0000,0,0,1.5000,39.0010,1.5000,0.0000,0.0000,0.0000,1,0.0000,-1.3797
259,4362.786,16.595,1,0.140,3.554,0.125,11.716,0.679,0.988,0.196,61,212,45,17,58,90,218,94,89,5,0.0000,0,0.0000,0,0,1.5000,39.0010,1.5000,0.0000,0.0000,0.0000,1,0.0000,-1.3797
260,4378.297,17.538,1,0.003,2.426,0.164,10.766,0.787,1.027,0.196,60,212,45,17,56,90,218,95,89,6,0.0000,0,0.0000,0,0,1.5000,39.0010,1.5000,0.0000,0.0000,0.0000,1,0.0000,-1.3797
261,4396.077,15.475,1,0.012,3.279,0.132,11.956,0.863,1.165,0.268,61,212,45,17,57,90,218,95,89,6,0.0000,0,0.0000,0,0,1.5000,39.0010,1.5000,0.0000,0.0000,0.0000,1,0.0000,-1.3797
262,4411.980,17.797,1,0.151,2.708,0.115,10.831,0.717,1.026,0.234,60,215,45,17,64,90,218,95,90,5,0.0000,0,0.0000,0,0,1.5000,39.0010,1.5000,0.0000,0.0000,0.0000,1,0.0000,-1.3797
263,4428.689,15.919,1,0.003,2.877,0.144,11.573,0.765,1.008,0.200,60,215,45,17,63,90,218,96,90,6,0.0000,0,0.0000,0,0,1.5000,39.0010,1.5000,0.0000,0.0000,0.0000,1,0.0000,-1.3797
264,4446.026,16.707,1,0.002,3.329,0.130,11.517,0.859,1.107,0.258,60,215,45,17,62,90,218,96,90,6,0.0000,0,0.0000,0,0,1.5000,39.0010,1.5000,0.0000,0.0000,0.0000,1,0.0000,-1.3797
265,4459.768,17.322,1,0.117,1.572,0.083,10.727,0.466,0.545,0.115,60,216,45,17,63,90,218,96,91,5,0.0000,0,0.0000,0,0,1.5000,39.0010,1.5000,0.0000,0.0000,0.0000,1,0.0000,-1.3797
266,4476.441,13.687,1,0.005,2.052,0.070,13.611,0.369,0.421,0.087,61,216,45,17,61,90,218,97,91,6,0.0000,0,0.0000,0,0,1.5000,39.0010,1.5000,0.0000,0.0000,0.0000,1,0.0000,-1.3797
267,4493.018,16.664,1,0.005,2.146,0.049,13.553,0.295,0.390,0.092,61,216,45,17,59,90,218,97,91,6,0.0000,0,0.0000,0,0,1.5000,39.0010,1.5000,0.0000,0.0000,0.0000,1,0.0000,-1.3797
268,4509.513,16.577,1,0.074,1.677,0.055,13.728,0.365,0.451,0.097,61,220,45,17,64,90,218,97,92,5,0.0000,0,0.0000,0,0,1.5000,39.0010,1.5000,0.0000,0.0000,0.0000,1,0.0000,-1.3797
269,4527.332,16.497,1,0.002,2.125,0.103,14.021,0.621,0.751,0.141,61,220,45,17,61,90,218,98,92,6,0.0000,0,0.0000,0,0,1.5000,39.0010,1.5000,0.0000,0.0000,0.0000,1,0.0000,-1.3797
270,4544.944,17.839,1,0.012,2.481,0.287,12.913,0.692,0.916,0.230,61,220,45,17,62,90,218,98,92,6,0.0000,0,0.0000,0,0,1.5000,39.0010,1.5000,0.0000,0.0000,0.0000,1,0.0000,-1.3797
271,4561.987,17.636,1,0.157,2.665,0.142,11.981,0.720,1.041,0.234,60,221,45,17,68,90,218,98,93,5,0.0000,0,0.0000,0,0,1.5000,39.0010,1.5000,0.0000,0.0000,0.0000,1,0.0000,-1.3797
272,4578.528,17.070,1,0.003,2.760,0.157,11.481,0.805,1.006,0.198,60,221,45,17,67,90,218,99,93,6,0.0000,0,0.0000,0,0,1.5000,39.0010,1.5000,0.0000,0.0000,0.0000,1,0.0000,-1.3797
273,4595.695,16.539,1,0.002,3.379,0.110,11.644,0.790,0.923,0.191,60,221,45,17,65,90,218,99,93,6,0.0000,0,0.0000,0,0,1.5000,39.0010,1.5000,0.0000,0.0000,0.0000,1,0.0000,-1.3797
274,4612.750,17.141,1,0.270,2.261,0.110,11.761,0.977,1.381,0.191,60,224,45,17,72,90,218,99,94,5,0.0000,0,0.0000,0,0,1.5000,39.0010,1.5000,0.0000,0.0000,0.0000,1,0.0000,-1.3797
275,4629.018,17.169,1,0.002,2.559,0.297,10.871,0.979,1.047,0.284,60,224,45,17,71,90,218,100,94,6,0.0000,0,0.0000,0,0,1.5000,39.0010,1.5000,0.0000,0.0000,0.0000,1,0.0000,-1.3797
276,4646.793,16.204,1,0.003,4.234,0.112,11.120,0.892,1.008,0.254,60,224,45,17,68,90,218,100,94,6,0.0000,0,0.0000,0,0,1.5000,39.0010,1.5000,0.0000,0.0000,0.0000,1,0.0000,-1.3797
277,4663.739,17.852,1,0.166,3.839,0.114,9.976,0.931,1.443,0.248,60,225,45,16,69,90,218,100,95,5,0.0000,0,0.0000,0,0,1.5000,39.0010,1.5000,0.0000,0.0000,0.0000,1,0.0000,-1.3797
278,4678.706,16.935,1,0.016,2.755,0.153,9.593,0.873,1.145,0.213,60,225,45,18,70,90,218,101,95,6,0.0000,0,0.0000,0,0,1.5000,39.0010,1.5000,0.0000,0.0000,0.0000,1,0.0000,-1.3797
279,4694.764,14.926,1,0.011,2.185,0.215,11.364,0.882,1.003,0.210,60,225,45,16,70,90,218,101,95,6,0.0000,0,0.0000,0,0,1.5000,39.0010,1.5000,0.0000,0.0000,0.0000,1,0.0000,-1.3797
280,4713.058,16.071,1,0.193,3.626,0.108,12.259,0.684,0.997,0.237,60,229,45,16,75,90,218,101,96,5,0.0000,0,0.0000,0,0,1.5000,39.0010,1.5000,0.0000,0.0000,0.0000,1,0.0000,-1.3797
281,4728.436,18.260,1,0.003,2.211,0.170,10.458,0.859,1.264,0.252,60,229,45,16,74,90,218,102,96,6,0.0000,0,0.0000,0,0,1.5000,39.0010,1.5000,0.0000,0.0000,0.0000,1,0.0000,-1.3797
282,4745.367,15.496,1,0.014,2.593,0.128,11.608,0.992,1.099,0.223,60,229,45,18,74,90,218,102,96,6,0.0000,0,0.0000,0,0,1.5000,39.0010,1.5000,0.0000,0.0000,0.0000,1,0.0000,-1.3797
283,4763.059,16.832,1,0.114,3.579,0.128,11.418,0.849,1.154,0.277,60,230,45,16,76,90,218,102,97,5,0.0000,0,0.0000,0,0,1.5000,39.0010,1.5000,0.0000,0.0000,0.0000,1,0.0000,-1.3797
284,4779.694,17.702,1,0.014,2.877,0.219,10.433,1.019,1.621,0.264,60,230,45,16,74,90,218,103,97,6,0.0000,0,0.0000,0,0,1.5000,39.0010,1.5000,0.0000,0.0000,0.0000,1,0.0000,-1.3797
285,4799.810,16.669,1,0.177,4.685,0.135,12.292,0.953,1.379,0.272,60,233,45,16,79,90,218,103,98,5,0.0000,0,0.0000,0,0,1.5000,39.0010,1.5000,0.0000,0.0000,0.0000,1,0.0000,-1.3797
286,4811.974,20.116,1,0.013,2.891,0.113,6.992,0.700,0.989,0.245,59,233,45,16,76,90,218,103,98,5,0.0000,0,0.0000,0,0,1.5000,39.0010,1.5000,0.0000,0.0000,0.0000,1,0.0000,-1.3797
287,4836.511,12.095,1,0.003,4.448,0.247,17.048,1.251,1.099,0.167,61,233,45,18,73,90,218,104,98,6,0.0000,0,0.0000,0,0,1.5000,39.0010,1.5000,0.0000,0.0000,0.0000,1,0.0000,-1.3797
288,4849.581,24.527,1,0.093,2.556,0.061,8.846,0.420,0.810,0.152,59,234,45,17,75,90,218,104,99,5,0.0000,0,0.0000,0,0,1.5000,39.0010,1.5000,0.0000,0.0000,0.0000,1,0.0000,-1.3797
289,4866.187,13.030,1,0.001,2.974,0.064,12.440,0.408,0.516,0.110,61,234,45,16,72,90,218,104,99,5,0.0000,0,0.0000,0,0,1.5000,39.0010,1.5000,0.0000,0.0000,0.0000,1,0.0000,-1.3797
290,4881.412,16.602,1,0.001,1.639,0.073,12.570,0.348,0.416,0.092,61,234,45,16,68,90,218,105,99,6,0.0000,0,0.0000,0,0,1.5000,39.0010,1.5000,0.0000,0.0000,0.0000,1,0.0000,-1.3797
291,4908.255,15.222,1,0.070,2.353,0.051,23.468,0.284,0.450,0.084,61,238,45,16,75,90,218,105,100,5,0.0000,0,0.0000,0,0,1.5000,39.0010,1.5000,0.0000,0.0000,0.0000,1,0.0000,-1.3797
292,4925.082,26.816,1,0.001,2.492,0.079,13.209,0.362,0.525,0.102,59,238,45,16,72,90,218,106,100,6,0.0000,0,0.0000,0,0,1.5000,39.0010,1.5000,0.0000,0.0000,0.0000,1,0.0000,-1.3797
293,4941.639,16.821,1,0.006,2.407,0.047,13.103,0.446,0.405,0.094,59,238,45,16,70,90,218,106,100,6,0.0000,0,0.0000,0,0,1.5000,39.0010,1.5000,0.0000,0.0000,0.0000,1,0.0000,-1.3797
294,4957.684,16.557,1,0.068,1.710,0.057,13.152,0.351,0.562,0.094,59,239,45,16,75,90,218,106,101,5,0.0000,0,0.0000,0,0,1.5000,39.0010,1.5000,0.0000,0.0000,0.0000,1,0.0000,-1.3797
295,4990.282,16.044,1,0.001,1.225,0.100,30.386,0.308,0.453,0.074,59,239,45,16,71,90,218,107,101,6,0.0000,0,0.0000,0,0,1.5000,39.0010,1.5000,0.0000,0.0000,0.0000,1,0.0000,-1.3797
296,4992.559,32.597,1,0.055,0.885,0.044,0.418,0.252,0.440,0.136,57,242,45,16,78,90,218,107,102,5,0.0000,0,0.0000,0,0,1.5000,39.0010,1.5000,0.0000,0.0000,0.0000,1,0.0000,-1.3797
297,5009.229,2.295,1,0.002,0.696,0.049,15.035,0.414,0.326,0.073,94,242,45,16,74,90,218,107,102,5,0.0000,0,0.0000,0,0,1.5000,39.0010,1.5000,0.0000,0.0000,0.0000,1,0.0000,-1.3797
298,5026.604,16.644,1,0.001,1.593,0.027,14.901,0.331,0.407,0.073,91,242,46,16,70,92,218,108,102,6,0.0000,0,0.0000,0,0,1.5000,39.0010,1.5000,0.0000,0.0000,0.0000,1,0.0000,-1.3797
299,5043.750,17.377,1,0.055,1.984,0.048,14.269,0.277,0.385,0.087,88,246,46,16,77,92,218,108,103,5,0.0000,0,0.0000,0,0,1.5000,39.0010,1.5000,0.0000,0.0000,0.0000,1,0.0000,-1.3797
300,5061.158,17.152,1,0.002,2.267,0.069,13.948,0.431,0.528,0.111,85,246,46,16,74,92,218,108,103,5,0.0000,0,0.0000,0,0,1.5000,39.0010,1.5000,0.0000,0.0000,0.0000,1,0.0000,-1.3797
301,5078.707,17.420,1,0.002,2.175,0.139,13.135,0.865,0.978,0.184,82,246,46,16,72,92,218,109,103,6,0.0000,0,0.0000,0,0,1.5000,39.0010,1.5000,0.0000,0.0000,0.0000,1,0.0000,-1.3797
302,5096.013,17.577,1,0.014,2.725,0.112,12.414,0.685,0.988,0.234,80,246,46,16,73,92,218,109,103,6,0.0000,0,0.0000,0,0,1.5000,39.0010,1.5000,0.0000,0.0000,0.0000,1,0.0000,-1.3797
303,5112.807,17.338,1,0.187,2.719,0.111,11.670,0.760,1.016,0.199,77,247,46,16,76,92,218,109,104,5,0.0000,0,0.0000,0,0,1.5000,39.0010,1.5000,0.0000,0.0000,0.0000,1,0.0000,-1.3797
304,5130.315,16.826,1,0.019,3.617,0.164,11.530,0.776,1.049,0.191,76,247,46,16,75,92,218,110,104,6,0.0000,0,0.0000,0,0,1.5000,39.0010,1.5000,0.0000,0.0000,0.0000,1,0.0000,-1.3797
305,5146.572,17.452,1,0.149,2.730,0.108,11.193,0.716,1.058,0.196,74,250,46,16,78,92,218,110,105,5,0.0000,0,0.0000,0,0,1.5000,39.0010,1.5000,0.0000,0.0000,0.0000,1,0.0000,-1.3797
306,5164.356,16.276,1,0.015,4.079,0.037,11.312,0.733,1.256,0.224,72,250,46,16,76,92,220,110,105,5,0.0000,0,0.0000,0,0,1.5000,39.0010,1.5000,0.0000,0.0000,0.0000,1,0.0000,-1.3797
307,5179.289,17.790,1,0.003,2.550,0.207,9.969,0.844,1.032,0.193,71,250,46,16,74,92,220,111,105,6,0.0000,0,0.0000,0,0,1.5000,39.0010,1.5000,0.0000,0.0000,0.0000,1,0.0000,-1.3797
308,5201.461,14.901,1,0.109,7.390,0.037,11.783,1.089,1.475,0.185,70,251,46,16,77,92,222,111,106,5,0.0000,0,0.0000,0,0,1.5000,39.0010,1.5000,0.0000,0.0000,0.0000,1,0.0000,-1.3797
309,5213.799,22.169,1,0.015,2.840,0.107,6.656,0.769,1.659,0.195,68,251,46,16,78,92,222,111,106,5,0.0000,0,0.0000,0,0,1.5000,39.0010,1.5000,0.0000,0.0000,0.0000,1,0.0000,-1.3797
310,5237.512,12.409,1,0.002,10.498,0.092,10.643,0.911,1.137,0.259,69,251,46,16,77,92,224,112,106,6,0.0000,0,0.0000,0,0,1.5000,39.0010,1.5000,0.0000,0.0000,0.0000,1,0.0000,-1.3797
311,5249.703,23.733,1,0.138,6.404,0.038,3.438,0.799,0.989,0.196,67,255,46,17,84,92,226,112,107,5,0.0000,0,0.0000,0,0,1.5000,39.0010,1.5000,0.0000,0.0000,0.0000,1,0.0000,-1.3797
312,5268.548,12.140,1,0.003,8.730,0.038,7.976,0.764,0.988,0.209,68,255,46,18,82,92,228,112,107,5,0.0000,0,0.0000,0,0,1.5000,39.0010,1.5000,0.0000,0.0000,0.0000,1,0.0000,-1.3797
313,5283.232,18.856,1,0.002,6.675,0.063,5.725,0.863,1.002,0.203,67,255,46,17,81,92,230,113,107,6,0.0000,0,0.0000,0,0,1.5000,39.0010,1.5000,0.0000,0.0000,0.0000,1,0.0000,-1.3797
314,5296.219,14.681,1,0.234,2.722,0.036,7.858,0.727,1.066,0.198,67,255,46,16,79,92,232,113,108,5,0.0000,0,0.0000,0,0,1.5000,39.0010,1.5000,0.0000,0.0000,0.0000,1,0.0000,-1.3797
315,5317.750,12.984,1,0.021,7.775,0.038,11.467,0.827,1.057,0.203,68,255,46,17,81,93,233,113,108,5,0.0000,0,0.0000,0,0,1.5000,39.0010,1.5000,0.0000,0.0000,0.0000,1,0.0000,-1.3797
316,5332.530,21.598,1,0.002,3.089,0.165,7.030,1.169,2.838,0.271,66,255,46,17,80,93,233,114,108,6,0.0000,0,0.0000,0,0,1.5000,39.0010,1.5000,0.0000,0.0000,0.0000,1,0.0000,-1.3797
317,5350.915,14.754,1,0.107,7.798,0.036,8.392,0.667,0.939,0.261,66,259,46,18,85,93,235,114,109,5,0.0000,0,0.0000,0,0,1.5000,39.0010,1.5000,0.0000,0.0000,0.0000,1,0.0000,-1.3797
318,5369.517,18.348,1,0.003,9.411,0.039,6.744,0.772,1.206,0.281,65,259,46,18,83,93,237,114,109,5,0.0000,0,0.0000,0,0,1.5000,39.0010,1.5000,0.0000,0.0000,0.0000,1,0.0000,-1.3797
319,5379.316,18.651,1,0.002,2.328,0.185,4.749,0.798,1.314,0.227,64,259,46,18,81,93,237,115,109,6,0.0000,0,0.0000,0,0,1.5000,39.0010,1.5000,0.0000,0.0000,0.0000,1,0.0000,-1.3797
320,5402.074,9.765,1,0.112,8.675,0.036,11.685,0.826,1.024,0.210,67,260,46,18,82,93,239,115,110,5,0.0000,0,0.0000,0,0,1.5000,39.0010,1.5000,0.0000,0.0000,0.0000,1,0.0000,-1.3797
321,5412.438,22.789,1,0.041,2.507,0.110,5.643,0.744,0.930,0.194,65,260,46,20,83,93,239,115,110,5,0.0000,0,0.0000,0,0,1.5000,39.0010,1.5000,0.0000,0.0000,0.0000,1,0.0000,-1.3797
322,5430.029,10.314,1,0.003,2.748,0.271,11.869,1.185,1.063,0.270,68,260,46,20,82,93,239,116,110,6,0.0000,0,0.0000,0,0,1.5000,39.0010,1.5000,0.0000,0.0000,0.0000,1,0.0000,-1.3797
323,5445.953,17.623,1,0.113,2.405,0.102,11.015,0.807,1.051,0.257,67,263,46,19,86,93,239,116,111,5,0.0000,0,0.0000,0,0,1.5000,39.0010,1.5000,0.0000,0.0000,0.0000,1,0.0000,-1.3797
324,5462.398,15.876,1,0.012,2.456,0.106,11.959,0.746,0.856,0.183,67,263,46,19,85,93,239,116,111,5,0.0000,0,0.0000,0,0,1.5000,39.0010,1.5000,0.0000,0.0000,0.0000,1,0.0000,-1.3797
325,5479.163,16.420,1,0.003,2.473,0.154,12.045,0.807,0.988,0.193,66,263,46,19,83,93,239,117,111,6,0.0000,0,0.0000,0,0,1.5000,39.0010,1.5000,0.0000,0.0000,0.0000,1,0.0000,-1.3797
326,5508.013,16.764,1,0.143,11.879,0.064,13.896,0.860,1.596,0.304,65,264,47,19,83,95,239,117,112,5,0.0000,0,0.0000,0,0,1.5000,39.0010,1.5000,0.0000,0.0000,0.0000,1,0.0000,-1.3797
327,5528.829,28.873,1,0.024,3.423,0.213,14.146,1.069,1.555,0.256,62,264,47,19,85,95,239,118,112,6,0.0000,0,0.0000,0,0,1.5000,39.0010,1.5000,0.0000,0.0000,0.0000,1,0.0000,-1.3797
328,5551.429,20.972,1,0.198,5.576,0.146,13.531,1.059,1.530,0.273,61,267,47,19,88,95,239,118,113,5,0.0000,0,0.0000,0,0,1.5000,39.0010,1.5000,0.0000,0.0000,0.0000,1,0.0000,-1.3797
329,5576.778,22.466,1,0.008,2.615,0.084,20.981,0.469,0.891,0.158,59,267,47,19,87,95,239,118,113,5,0.0000,0,0.0000,0,0,1.5000,39.0010,1.5000,0.0000,0.0000,0.0000,1,0.0000,-1.3797
330,5583.754,25.278,1,0.001,5.443,0.062,0.152,0.483,0.676,0.090,57,267,48,19,85,97,239,119,113,6,0.0000,0,0.0000,0,0,1.5000,39.0010,1.5000,0.0000,0.0000,0.0000,1,0.0000,-1.3797
331,5592.955,6.967,1,0.044,1.818,0.046,6.467,0.267,0.409,0.091,66,269,48,19,85,97,239,119,114,5,0.0000,0,0.0000,0,0,1.5000,39.0010,1.5000,0.0000,0.0000,0.0000,1,0.0000,-1.3797
332,5609.093,9.198,1,0.008,3.293,0.015,11.934,0.285,0.448,0.101,70,269,49,20,84,99,239,119,114,5,0.0000,0,0.0000,0,0,1.5000,39.0010,1.5000,0.0000,0.0000,0.0000,1,0.0000,-1.3797
333,5626.354,16.141,1,0.001,3.561,0.027,12.323,0.352,0.857,0.083,69,269,50,20,83,101,239,120,114,6,0.0000,0,0.0000,0,0,1.5000,39.0010,1.5000,0.0000,0.0000,0.0000,1,0.0000,-1.3797
334,5643.545,17.255,1,0.001,3.149,0.060,12.949,0.389,0.497,0.093,68,269,50,20,80,101,239,120,114,6,0.0000,0,0.0000,0,0,1.5000,39.0010,1.5000,0.0000,0.0000,0.0000,1,0.0000,-1.3797
335,5657.314,17.189,1,0.069,1.656,0.047,11.228,0.272,0.370,0.077,67,272,50,20,81,101,239,120,115,5,0.0000,0,0.0000,0,0,1.5000,39.0010,1.5000,0.0000,0.0000,0.0000,1,0.0000,-1.3797
336,5673.138,13.761,1,0.001,0.612,0.061,14.229,0.293,0.522,0.062,68,272,50,20,77,101,239,121,115,6,0.0000,0,0.0000,0,0,1.5000,39.0010,1.5000,0.0000,0.0000,0.0000,1,0.0000,-1.3797
337,5691.247,15.850,1,0.007,2.228,0.014,15.090,0.252,0.383,0.069,67,272,50,20,77,101,241,121,115,6,0.0000,0,0.0000,0,0,1.5000,39.0010,1.5000,0.0000,0.0000,0.0000,1,0.0000,-1.3797
338,5708.265,18.081,1,0.057,2.435,0.015,13.744,0.272,0.384,0.071,66,276,50,20,83,101,243,121,116,5,0.0000,0,0.0000,0,0,1.5000,39.0010,1.5000,0.0000,0.0000,0.0000,1,0.0000,-1.3797
339,5724.902,17.019,1,0.001,2.429,0.035,13.332,0.313,0.393,0.093,65,276,50,20,80,101,245,122,116,6,0.0000,0,0.0000,0,0,1.5000,39.0010,1.5000,0.0000,0.0000,0.0000,1,0.0000,-1.3797
340,5749.935,16.636,1,0.003,8.739,0.058,13.991,0.848,1.113,0.233,65,276,51,21,79,103,245,122,116,6,0.0000,0,0.0000,0,0,1.5000,39.0010,1.5000,0.0000,0.0000,0.0000,1,0.0000,-1.3797
341,5760.671,25.118,1,0.166,2.414,0.108,5.669,0.719,1.290,0.236,62,276,51,21,81,103,245,122,117,5,0.0000,0,0.0000,0,0,1.5000,39.0010,1.5000,0.0000,0.0000,0.0000,1,0.0000,-1.3797
342,5776.588,10.770,1,0.003,2.257,0.143,11.218,0.851,1.048,0.226,65,276,51,22,80,103,245,123,117,6,0.0000,0,0.0000,0,0,1.5000,39.0010,1.5000,0.0000,0.0000,0.0000,1,0.0000,-1.3797
343,5793.390,15.923,1,0.003,2.243,0.179,12.181,0.794,1.004,0.223,65,276,51,22,79,103,245,123,117,6,0.0000,0,0.0000,0,0,1.5000,39.0010,1.5000,0.0000,0.0000,0.0000,1,0.0000,-1.3797
344,5811.045,16.800,1,0.167,3.044,0.175,11.947,0.817,1.081,0.251,65,280,51,23,85,103,245,123,118,5,0.0000,0,0.0000,0,0,1.5000,39.0010,1.5000,0.0000,0.0000,0.0000,1,0.0000,-1.3797
345,5828.424,17.635,1,0.003,3.782,0.164,11.183,0.811,1.074,0.209,64,280,51,23,84,103,245,124,118,6,0.0000,0,0.0000,0,0,1.5000,39.0010,1.5000,0.0000,0.0000,0.0000,1,0.0000,-1.3797
346,5844.929,17.417,1,0.003,3.319,0.140,10.317,1.019,1.228,0.284,63,280,51,25,83,103,245,124,118,6,0.0000,0,0.0000,0,0,1.5000,39.0010,1.5000,0.0000,0.0000,0.0000,1,0.0000,-1.3797
347,5860.443,16.484,1,0.146,2.433,0.154,10.563,0.746,1.066,0.237,63,281,51,25,84,103,245,124,119,5,0.0000,0,0.0000,0,0,1.5000,39.0010,1.5000,0.0000,0.0000,0.0000,1,0.0000,-1.3797
348,5877.908,15.531,1,0.011,4.622,0.037,11.291,0.557,0.609,0.158,63,281,52,25,83,105,245,125,119,6,0.0000,0,0.0000,0,0,1.5000,39.0010,1.5000,0.0000,0.0000,0.0000,1,0.0000,-1.3797
349,5892.925,17.398,1,0.001,3.825,0.015,10.206,0.328,0.408,0.123,62,281,53,29,80,107,245,125,119,6,0.0000,0,0.0000,0,0,1.5000,39.0010,1.5000,0.0000,0.0000,0.0000,1,0.0000,-1.3797
350,5909.681,14.992,1,0.115,2.119,0.229,12.471,0.728,0.847,0.153,63,284,53,28,84,107,245,125,120,5,0.0000,0,0.0000,0,0,1.5000,39.0010,1.5000,0.0000,0.0000,0.0000,1,0.0000,-1.3797
351,5929.762,16.775,1,0.002,6.305,0.044,12.136,0.610,0.715,0.158,63,284,54,28,82,109,245,126,120,6,0.0000,0,0.0000,0,0,1.5000,39.0010,1.5000,0.0000,0.0000,0.0000,1,0.0000,-1.3797
352,5942.631,20.147,1,0.008,2.454,0.082,8.643,0.562,0.802,0.143,61,284,54,28,81,109,245,126,120,6,0.0000,0,0.0000,0,0,1.5000,39.0010,1.5000,0.0000,0.0000,0.0000,1,0.0000,-1.3797
353,5960.593,12.802,1,0.120,2.649,0.119,12.861,0.731,1.140,0.230,63,286,54,28,85,109,245,126,121,5,0.0000,0,0.0000,0,0,1.5000,39.0010,1.5000,0.0000,0.0000,0.0000,1,0.0000,-1.3797
354,5982.208,17.990,1,0.002,7.557,0.068,11.691,0.865,1.089,0.200,62,286,54,28,84,109,247,127,121,6,0.0000,0,0.0000,0,0,1.5000,39.0010,1.5000,0.0000,0.0000,0.0000,1,0.0000,-1.3797
355,5998.800,21.629,1,0.003,7.669,0.038,6.449,0.983,1.093,0.201,61,286,54,29,83,109,249,127,121,6,0.0000,0,0.0000,0,0,1.5000,39.0010,1.5000,0.0000,0.0000,0.0000,1,0.0000,-1.3797
356,6015.601,16.649,1,0.153,7.781,0.037,6.477,0.770,1.172,0.197,61,288,54,29,88,109,251,127,122,5,0.0000,0,0.0000,0,0,1.5000,39.0010,1.5000,0.0000,0.0000,0.0000,1,0.0000,-1.3797
357,6032.304,16.782,1,0.002,8.024,0.083,6.316,0.840,1.016,0.225,60,288,54,28,87,109,253,128,122,6,0.0000,0,0.0000,0,0,1.5000,39.0010,1.5000,0.0000,0.0000,0.0000,1,0.0000,-1.3797
358,6044.473,16.697,1,0.002,3.703,0.120,6.198,0.865,0.891,0.202,60,288,54,29,85,109,253,128,122,6,0.0000,0,0.0000,0,0,1.5000,39.0010,1.5000,0.0000,0.0000,0.0000,1,0.0000,-1.3797
359,6061.209,12.176,1,0.158,3.311,0.115,10.753,0.747,1.253,0.203,63,291,54,31,89,109,253,128,123,5,0.0000,0,0.0000,0,0,1.5000,39.0010,1.5000,0.0000,0.0000,0.0000,1,0.0000,-1.3797
360,6077.872,16.737,1,0.002,3.424,0.140,10.762,0.845,1.062,0.231,62,291,54,31,87,109,253,129,123,6,0.0000,0,0.0000,0,0,1.5000,39.0010,1.5000,0.0000,0.0000,0.0000,1,0.0000,-1.3797
361,6093.560,16.616,1,0.003,2.694,0.113,10.865,0.803,0.866,0.196,62,291,54,31,86,109,253,129,123,6,0.0000,0,0.0000,0,0,1.5000,39.0010,1.5000,0.0000,0.0000,0.0000,1,0.0000,-1.3797
362,6110.418,15.670,1,0.144,2.722,0.107,11.798,0.776,0.985,0.196,62,292,54,31,89,109,253,129,124,5,0.0000,0,0.0000,0,0,1.5000,39.0010,1.5000,0.0000,0.0000,0.0000,1,0.0000,-1.3797
363,6127.125,16.858,1,0.013,2.742,0.193,11.604,0.846,0.974,0.204,62,292,54,31,89,109,253,130,124,6,0.0000,0,0.0000,0,0,1.5000,39.0010,1.5000,0.0000,0.0000,0.0000,1,0.0000,-1.3797
364,6144.768,16.757,1,0.003,4.012,0.139,11.458,0.733,0.918,0.199,62,292,54,31,86,109,253,130,124,6,0.0000,0,0.0000,0,0,1.5000,39.0010,1.5000,0.0000,0.0000,0.0000,1,0.0000,-1.3797
365,6160.538,17.664,1,0.152,2.695,0.110,10.555,0.809,1.053,0.193,61,295,54,31,91,109,253,130,125,5,0.0000,0,0.0000,0,0,1.5000,39.0010,1.5000,0.0000,0.0000,0.0000,1,0.0000,-1.3797
366,6178.253,15.700,1,0.003,3.893,0.132,11.542,0.815,0.992,0.208,61,295,54,31,88,109,253,131,125,6,0.0000,0,0.0000,0,0,1.5000,39.0010,1.5000,0.0000,0.0000,0.0000,1,0.0000,-1.3797
367,6193.888,17.711,1,0.003,2.757,0.115,10.519,1.007,0.882,0.224,61,295,54,31,85,109,253,131,125,6,0.0000,0,0.0000,0,0,1.5000,39.0010,1.5000,0.0000,0.0000,0.0000,1,0.0000,-1.3797
368,6211.623,15.609,1,0.182,3.540,0.109,11.742,0.830,1.037,0.194,61,296,54,31,88,109,253,131,126,5,0.0000,0,0.0000,0,0,1.5000,39.0010,1.5000,0.0000,0.0000,0.0000,1,0.0000,-1.3797
369,6227.528,17.738,1,0.003,2.740,0.171,10.744,0.955,0.994,0.189,61,296,54,31,85,109,253,132,126,6,0.0000,0,0.0000,0,0,1.5000,39.0010,1.5000,0.0000,0.0000,0.0000,1,0.0000,-1.3797
370,6243.814,15.929,1,0.002,3.595,0.097,11.067,0.618,0.645,0.136,61,296,54,31,84,109,253,132,126,6,0.0000,0,0.0000,0,0,1.5000,39.0010,1.5000,0.0000,0.0000,0.0000,1,0.0000,-1.3797
371,6258.271,16.257,1,0.080,2.183,0.055,11.077,0.359,0.514,0.099,61,299,54,31,88,109,253,132,127,5,0.0000,0,0.0000,0,0,1.5000,39.0010,1.5000,0.0000,0.0000,0.0000,1,0.0000,-1.3797
372,6274.821,14.434,1,0.001,2.104,0.085,13.158,0.443,0.566,0.127,62,299,54,31,85,109,253,133,127,6,0.0000,0,0.0000,0,0,1.5000,39.0010,1.5000,0.0000,0.0000,0.0000,1,0.0000,-1.3797
373,6291.251,16.551,1,0.001,1.673,0.055,13.415,0.352,0.757,0.109,62,299,54,31,81,109,253,133,127,6,0.0000,0,0.0000,0,0,1.5000,39.0010,1.5000,0.0000,0.0000,0.0000,1,0.0000,-1.3797
374,6308.521,16.447,1,0.059,2.874,0.013,13.542,0.288,0.333,0.076,62,300,54,31,84,109,255,133,128,5,0.0000,0,0.0000,0,0,1.5000,39.0010,1.5000,0.0000,0.0000,0.0000,1,0.0000,-1.3797
375,6326.173,17.236,1,0.002,1.750,0.087,14.602,0.411,0.641,0.107,61,300,54,31,80,109,255,134,128,6,0.0000,0,0.0000,0,0,1.5000,39.0010,1.5000,0.0000,0.0000,0.0000,1,0.0000,-1.3797
376,6341.296,17.654,1,0.004,2.278,0.012,12.062,0.297,0.344,0.074,61,300,54,31,80,109,257,134,128,6,0.0000,0,0.0000,0,0,1.5000,39.0010,1.5000,0.0000,0.0000,0.0000,1,0.0000,-1.3797
377,6358.396,15.111,1,0.047,2.433,0.013,13.887,0.274,0.330,0.074,61,304,54,31,86,109,259,134,129,5,0.0000,0,0.0000,0,0,1.5000,39.0010,1.5000,0.0000,0.0000,0.0000,1,0.0000,-1.3797
378,6375.533,17.098,1,0.002,3.077,0.031,13.186,0.329,0.399,0.072,61,304,54,31,85,109,261,135,129,6,0.0000,0,0.0000,0,0,1.5000,39.0010,1.5000,0.0000,0.0000,0.0000,1,0.0000,-1.3797
379,6390.995,17.140,1,0.001,1.791,0.049,12.676,0.288,0.509,0.104,61,304,54,31,81,109,261,135,129,6,0.0000,0,0.0000,0,0,1.5000,39.0010,1.5000,0.0000,0.0000,0.0000,1,0.0000,-1.3797
380,6407.112,15.468,1,0.039,1.504,0.016,13.865,0.251,0.324,0.070,61,304,54,31,81,109,263,135,130,5,0.0000,0,0.0000,0,0,1.5000,39.0010,1.5000,0.0000,0.0000,0.0000,1,0.0000,-1.3797
381,6423.569,16.107,1,0.002,0.690,0.078,14.588,0.581,0.403,0.075,61,304,54,31,77,109,263,136,130,6,0.0000,0,0.0000,0,0,1.5000,39.0010,1.5000,0.0000,0.0000,0.0000,1,0.0000,-1.3797
382,6441.525,16.460,1,0.001,2.286,0.059,14.902,0.283,0.303,0.080,61,304,54,31,73,109,263,136,130,6,0.0000,0,0.0000,0,0,1.5000,39.0010,1.5000,0.0000,0.0000,0.0000,1,0.0000,-1.3797
383,6458.647,17.967,1,0.070,2.499,0.019,13.616,0.343,0.430,0.093,61,308,54,31,78,109,265,136,131,5,0.0000,0,0.0000,0,0,1.5000,39.0010,1.5000,0.0000,0.0000,0.0000,1,0.0000,-1.3797
384,6475.227,17.131,1,0.002,1.806,0.117,13.301,0.475,0.674,0.138,60,308,54,31,74,109,265,137,131,6,0.0000,0,0.0000,0,0,1.5000,39.0010,1.5000,0.0000,0.0000,0.0000,1,0.0000,-1.3797
385,6493.487,16.608,1,0.002,2.711,0.124,13.494,0.802,0.843,0.187,60,308,54,31,72,109,265,137,131,6,0.0000,0,0.0000,0,0,1.5000,39.0010,1.5000,0.0000,0.0000,0.0000,1,0.0000,-1.3797
386,6511.511,18.287,1,0.168,2.763,0.130,12.181,0.929,1.465,0.239,60,308,54,31,77,109,265,137,132,5,0.0000,0,0.0000,0,0,1.5000,39.0010,1.5000,0.0000,0.0000,0.0000,1,0.0000,-1.3797
387,6530.396,18.033,1,0.003,6.033,0.105,10.457,0.852,1.119,0.180,59,308,54,31,76,109,267,138,132,6,0.0000,0,0.0000,0,0,1.5000,39.0010,1.5000,0.0000,0.0000,0.0000,1,0.0000,-1.3797
388,6548.671,18.850,1,0.003,7.387,0.035,8.647,0.929,0.986,0.189,59,308,54,31,75,109,269,138,132,6,0.0000,0,0.0000,0,0,1.5000,39.0010,1.5000,0.0000,0.0000,0.0000,1,0.0000,-1.3797
389,6560.619,18.303,1,0.176,2.490,0.105,7.037,0.800,1.024,0.189,58,312,54,31,81,109,269,138,133,5,0.0000,0,0.0000,0,0,1.5000,39.0010,1.5000,0.0000,0.0000,0.0000,1,0.0000,-1.3797
390,6580.932,11.918,1,0.003,6.343,0.084,11.590,0.893,1.047,0.254,61,312,54,31,80,109,271,139,133,6,0.0000,0,0.0000,0,0,1.5000,39.0010,1.5000,0.0000,0.0000,0.0000,1,0.0000,-1.3797
391,6599.186,20.316,1,0.092,7.365,0.036,8.481,0.971,0.968,0.240,60,312,54,31,79,109,273,139,134,5,0.0000,0,0.0000,0,0,1.5000,39.0010,1.5000,0.0000,0.0000,0.0000,1,0.0000,-1.3797
392,6610.045,18.337,1,0.022,2.309,0.111,6.203,0.731,1.016,0.283,59,312,54,30,82,109,273,139,134,5,0.0000,0,0.0000,0,0,1.5000,39.0010,1.5000,0.0000,0.0000,0.0000,1,0.0000,-1.3797
393,6627.187,10.883,1,0.012,2.161,0.182,12.237,1.005,1.113,0.196,62,312,54,29,82,109,273,140,134,6,0.0000,0,0.0000,0,0,1.7561,39.0010,1.4690,0.2561,0.0000,-0.0310,1,0.0000,-1.3797
394,6643.725,17.048,1,0.002,2.635,0.115,11.484,0.923,1.062,0.203,62,312,54,29,81,109,273,140,134,6,0.0000,0,0.0000,0,0,1.7561,39.0010,1.4690,0.2561,0.0000,-0.0310,1,0.0000,-1.3797
395,6662.471,16.541,1,0.176,3.813,0.115,12.085,0.926,1.311,0.202,62,316,54,29,86,109,273,140,135,5,0.0000,0,0.0000,0,0,1.7561,39.0010,1.4690,0.2561,0.0000,-0.0310,1,0.0000,-1.3797
396,6676.514,18.744,1,0.002,2.105,0.136,9.584,0.844,1.034,0.221,61,316,54,29,85,109,273,141,135,6,0.0000,0,0.0000,0,0,2.0990,39.0010,1.4194,0.0000,0.0000,-0.0496,1,0.0000,-1.3797
397,6695.675,14.044,1,0.002,4.186,0.131,12.277,1.094,1.121,0.230,62,316,54,29,83,109,273,141,135,6,0.0000,0,0.0000,0,0,2.0990,39.0010,1.4194,0.0000,0.0000,-0.0496,1,0.0000,-1.3797
398,6711.578,19.168,1,0.159,3.330,0.124,9.747,0.885,1.302,0.228,61,317,54,29,85,109,273,141,136,5,0.0000,0,0.0000,0,0,2.0990,39.0010,1.4194,0.0000,0.0000,-0.0496,1,0.0000,-1.3797
399,6729.264,15.898,1,0.010,6.146,0.045,10.187,0.460,0.611,0.112,61,317,54,29,83,109,275,142,136,6,0.0000,0,0.0000,0,0,2.0990,39.0010,1.3587,0.0000,0.0000,-0.0607,1,0.0000,-1.3797
400,6744.688,17.634,1,0.007,5.471,0.016,9.006,0.342,0.436,0.088,61,317,54,29,82,109,277,142,136,6,0.0000,0,0.0000,0,0,2.0990,39.0010,1.3587,0.0000,0.0000,-0.0607,1,0.0000,-1.3797
401,6757.172,15.416,1,0.063,1.256,0.068,10.151,0.356,0.453,0.085,61,320,54,29,85,109,277,142,137,5,0.0000,0,0.0000,0,0,2.0990,39.0010,1.3587,0.0000,0.0000,-0.0607,1,0.0000,-1.3797
402,6777.326,12.492,1,0.002,2.811,0.133,15.068,0.848,1.030,0.194,63,320,54,29,83,109,277,143,137,6,0.0000,0,0.0000,0,0,2.0990,39.0010,1.2913,0.0000,0.0000,-0.0674,1,0.0000,-1.3797
403,6794.723,20.192,1,0.002,3.280,0.129,11.482,0.981,1.183,0.229,62,320,54,29,82,109,277,143,137,6,0.0000,0,0.0000,0,0,2.0990,39.0010,1.2913,0.0000,0.0000,-0.0674,1,0.0000,-1.3797
404,6810.191,17.415,1,0.085,3.379,0.080,10.393,0.556,0.746,0.111,61,321,54,29,87,109,277,143,138,5,0.0000,0,0.0000,0,0,2.0990,39.0010,1.2913,0.0000,0.0000,-0.0674,1,0.0000,-1.3797
405,6832.076,15.414,1,0.003,2.231,0.163,17.288,0.889,1.045,0.198,62,321,54,29,86,109,277,144,138,6,0.0000,0,0.0000,0,0,2.0990,39.0010,1.2198,0.0000,0.0000,-0.0714,1,0.0000,-1.3797
406,6850.210,21.918,1,0.150,3.326,0.180,12.129,0.996,1.054,0.193,60,324,54,29,91,109,277,144,139,5,0.0000,0,0.0000,0,0,2.0990,39.0010,1.2198,0.0000,0.0000,-0.0714,1,0.0000,-1.3797
407,6866.124,18.138,1,0.020,3.532,0.080,10.686,0.623,0.725,0.143,60,324,54,29,91,109,277,144,139,5,0.0000,0,0.0000,0,0,2.0990,39.0010,1.2198,0.0000,0.0000,-0.0714,1,0.0000,-1.3797
408,6881.148,15.937,1,0.002,2.378,0.082,11.082,0.477,0.763,0.115,60,324,54,29,88,109,277,145,139,6,0.0000,0,0.0000,0,0,2.0990,40.3426,1.1460,0.2561,1.3416,-0.0738,0,0.0000,-1.2571
409,6899.337,14.981,1,0.157,3.065,0.095,13.021,0.646,0.944,0.178,61,326,54,29,93,109,277,145,140,5,0.0000,0,0.0000,0,0,2.0990,40.3426,1.1460,0.2561,1.3416,-0.0738,0,0.0000,-1.1231
410,6913.941,18.211,1,0.002,2.203,0.057,11.343,0.351,0.426,0.122,60,326,54,29,89,109,277,145,140,5,0.0000,0,0.0000,0,0,2.0990,40.3426,1.1460,0.2561,1.3416,-0.0738,0,0.0000,-0.9602
411,6929.615,14.558,1,0.002,0.959,0.106,13.287,0.721,0.449,0.083,61,326,54,29,85,109,277,146,140,6,0.0000,0,0.0000,0,0,2.0990,41.4443,1.0722,0.2873,1.1016,-0.0738,0,0.0000,-0.8484
412,6946.276,15.666,1,0.044,1.556,0.042,14.300,0.269,0.334,0.073,61,329,54,29,88,109,277,146,141,5,0.0000,0,0.0000,0,0,2.0990,41.4443,1.0722,0.2873,1.1016,-0.0738,0,0.0000,-0.7333
413,6963.269,16.658,1,0.001,1.380,0.116,14.278,0.407,0.683,0.077,61,329,54,29,84,109,277,146,141,5,0.0000,0,0.0000,1,0,2.0990,41.4443,1.0722,0.2873,1.1016,-0.0738,0,0.0000,-0.6110
414,6979.314,17.002,1,0.001,1.157,0.081,13.945,0.325,0.413,0.069,61,329,54,29,80,109,277,147,141,6,0.0000,0,0.0000,1,0,2.0990,42.3059,0.9986,0.3156,0.8616,-0.0737,0,0.0000,-0.5033
415,6997.765,16.035,1,0.070,1.254,0.058,15.625,0.384,0.553,0.464,61,330,54,29,79,109,277,147,142,5,0.0000,0,0.0000,1,0,2.0990,42.3059,0.9986,0.3156,0.8616,-0.0737,0,0.0000,-0.4112
416,7014.267,18.458,1,0.008,2.529,0.021,12.828,0.355,0.591,0.120,60,330,55,29,78,111,277,147,142,5,0.0000,0,0.0000,1,0,2.0990,42.3059,0.9986,0.3156,0.8616,-0.0737,0,0.0000,-0.3052
417,7030.460,16.509,1,0.001,2.381,0.027,12.983,0.334,0.335,0.076,60,330,56,29,76,113,277,148,142,6,0.0000,0,0.0000,1,0,2.4405,42.9275,0.9249,0.3414,0.6216,-0.0736,0,0.0000,-0.2292
418,7046.026,16.177,1,0.053,1.174,0.065,13.424,0.291,0.439,0.078,60,334,56,29,81,113,277,148,143,5,0.0000,0,0.0000,1,0,2.4405,42.9275,0.9249,0.3414,0.6216,-0.0736,0,0.0000,-0.1622
419,7063.817,15.593,1,0.001,2.546,0.014,14.498,0.258,0.337,0.073,61,334,57,29,79,115,277,148,143,5,0.0000,0,0.0000,1,0,2.4405,42.9275,0.9249,0.3414,0.6216,-0.0736,0,0.0000,-0.0975
420,7090.382,17.825,1,0.003,10.023,0.091,13.649,1.004,1.481,0.204,60,334,58,30,77,117,277,149,143,6,0.0000,0,0.0000,1,0,2.8054,43.3092,0.9010,0.3649,0.3816,-0.0735,0,0.0000,-0.0419
421,7103.644,26.587,1,0.114,6.989,0.037,3.808,0.903,1.099,0.181,58,334,58,30,80,117,279,149,144,5,0.0000,0,0.0000,1,0,2.8054,43.3092,0.9010,0.3649,0.3816,-0.0735,0,0.0000,0.0258
422,7116.151,13.237,1,0.017,2.676,0.048,7.201,0.967,1.291,0.195,60,334,58,30,80,117,279,150,144,6,0.0000,0,0.0000,1,0,3.1916,43.4508,0.9010,0.3863,0.1416,-0.0735,0,0.0000,0.0575
423,7132.406,12.538,1,0.003,2.416,0.013,11.367,0.916,1.149,0.250,62,334,58,30,77,117,279,150,144,6,0.0000,0,0.0000,1,0,3.1916,43.4508,0.9010,0.3863,0.1416,-0.0735,0,0.0000,0.0694
424,7149.317,16.260,1,0.150,2.689,0.014,11.758,0.856,1.089,0.209,62,338,58,30,81,117,279,150,145,5,0.0000,0,0.0000,1,0,3.1916,43.4508,0.9010,0.3863,0.1416,-0.0735,0,0.0000,0.0847
425,7165.688,16.906,1,0.003,2.677,0.015,11.525,0.878,0.928,0.206,62,338,58,30,77,117,279,150,145,5,0.0000,0,0.0000,1,0,3.1916,43.4508,0.9010,0.3863,0.1416,-0.0735,0,0.0000,0.1007
426,7182.640,16.355,1,0.003,2.637,0.146,11.921,0.878,1.040,0.205,61,338,58,30,74,117,279,151,145,6,0.0000,0,0.0000,1,0,3.5973,43.3525,0.9010,0.4057,-0.0984,-0.0734,0,0.0000,0.0949
427,7199.178,16.950,1,0.109,2.262,0.132,11.517,0.868,1.253,0.276,61,339,58,30,73,117,279,151,146,5,0.0000,0,0.0000,1,0,3.5973,43.3525,0.9010,0.4057,-0.0984,-0.0734,0,0.0000,0.0838
428,7217.561,16.547,1,0.019,3.733,0.056,11.615,1.577,1.058,0.193,61,339,58,30,73,117,281,151,146,5,0.0000,0,0.0000,1,0,3.5973,43.3525,0.9010,0.4057,-0.0984,-0.0734,0,0.0000,0.0729
429,7232.795,18.393,1,0.011,2.560,0.149,9.823,0.937,1.409,0.206,60,339,58,30,72,117,281,152,146,6,0.0000,0,0.0000,1,0,4.0207,43.0141,0.9010,0.4234,-0.3384,-0.0734,0,0.0000,0.0366
430,7250.734,15.260,1,0.165,3.603,0.036,11.505,0.832,1.381,0.250,61,343,58,30,78,117,283,152,147,5,0.0000,0,0.0000,1,0,4.0207,43.0141,0.9010,0.4234,-0.3384,-0.0734,0,0.0000,0.0022
431,7270.546,17.934,1,0.002,7.704,0.043,9.957,0.765,1.009,0.174,60,343,58,30,75,117,285,152,147,5,0.0000,0,0.0000,1,0,4.0207,43.0141,0.9010,0.4234,-0.3384,-0.0734,0,0.0000,-0.0382
432,7283.684,19.745,1,0.002,5.017,0.037,6.743,0.550,0.589,0.114,59,343,58,30,72,117,287,153,147,6,0.0000,0,0.0000,1,0,4.4603,42.4357,0.9010,0.4395,-0.5784,-0.0733,0,0.0000,-0.1117
433,7308.422,13.115,1,0.147,10.757,0.050,10.596,1.264,1.576,0.274,61,344,58,30,76,117,289,153,148,5,0.0000,0,0.0000,1,0,4.4603,42.4357,0.9010,0.4395,-0.5784,-0.0733,0,0.0000,-0.1623
434,7318.911,24.794,1,0.009,6.803,0.050,2.242,0.495,0.651,0.116,59,344,58,30,77,117,291,154,148,6,0.0000,0,0.0000,1,0,4.9144,42.0010,0.9010,0.4542,0.0000,-0.0733,1,0.0000,-0.2521
435,7330.760,10.443,1,0.007,2.568,0.056,8.306,0.352,0.388,0.098,63,344,58,30,76,117,291,154,148,6,0.0000,0,0.0000,1,0,4.9144,42.0010,0.9010,0.4542,0.0000,-0.0733,1,0.0000,-0.2824
436,7346.589,11.842,1,0.065,1.490,0.059,13.193,0.377,0.476,0.104,65,347,58,30,78,117,291,154,149,5,0.0000,0,0.0000,1,0,4.9144,42.0010,0.9010,0.4542,0.0000,-0.0733,1,0.0000,-0.3167
437,7366.542,15.819,1,0.003,3.591,0.108,14.296,0.798,0.907,0.188,65,347,58,30,76,117,291,154,149,5,0.0000,0,0.0000,1,0,4.9144,42.0010,0.9010,0.4542,0.0000,-0.0733,1,0.0000,-0.3626
438,7383.617,19.994,1,0.003,3.642,0.141,10.998,0.957,1.031,0.198,63,347,58,30,74,117,291,155,149,6,0.0000,0,0.0000,1,0,5.0990,42.0010,0.9010,0.0000,0.0000,0.0000,1,0.0000,-0.3797
439,7399.920,17.086,1,0.121,3.018,0.113,10.601,1.080,0.996,0.255,63,348,58,30,73,117,291,155,150,5,0.0000,0,0.0000,1,0,5.0990,42.0010,0.9010,0.0000,0.0000,0.0000,1,0.0000,-0.3797
440,7415.836,16.324,1,0.028,2.669,0.143,11.081,0.762,0.886,0.208,63,348,58,30,76,117,291,155,150,5,0.0000,0,0.0000,1,0,5.0990,42.0010,0.9010,0.0000,0.0000,0.0000,1,0.0000,-0.3797
441,7433.512,15.944,1,0.003,3.579,0.142,11.644,0.962,0.983,0.197,63,348,58,30,74,117,291,156,150,6,0.0000,0,0.0000,1,0,5.0990,42.0010,0.9010,0.0000,0.0000,0.0000,1,0.0000,-0.3797
442,7449.693,17.651,1,0.117,3.056,0.109,10.599,0.839,1.116,0.204,62,351,58,30,78,117,291,156,151,5,0.0000,0,0.0000,1,0,5.0990,42.0010,0.9010,0.0000,0.0000,0.0000,1,0.0000,-0.3797
443,7466.623,16.155,1,0.012,3.528,0.107,11.306,0.746,0.924,0.192,62,351,58,30,79,117,291,156,151,5,0.0000,0,0.0000,1,0,5.0990,42.0010,0.9010,0.0000,0.0000,0.0000,1,0.0000,-0.3797
444,7482.358,16.921,1,0.003,2.486,0.146,10.934,0.812,1.059,0.189,62,351,58,30,77,117,291,157,151,6,0.0000,0,0.0000,1,0,5.0990,43.3426,0.9010,0.2561,1.3416,-0.0310,0,0.0000,-0.2529
445,7500.913,15.737,1,0.125,4.250,0.112,11.892,0.739,1.076,0.233,62,352,58,30,76,117,291,157,152,5,0.0000,0,0.0000,1,0,5.0990,43.3426,0.9010,0.2561,1.3416,-0.0310,0,0.0000,-0.1121
446,7515.913,18.589,1,0.023,2.932,0.107,9.914,0.718,0.927,0.240,61,352,58,30,80,117,291,157,152,5,0.0000,0,0.0000,1,0,5.0990,43.3426,0.9010,0.2561,1.3416,-0.0310,0,0.0000,0.0541
447,7532.269,14.973,1,0.003,2.379,0.037,11.643,0.900,1.087,0.189,62,352,58,30,76,117,291,158,152,6,0.0000,0,0.0000,1,0,5.0990,44.4443,0.9010,0.2873,1.1016,-0.0348,0,0.0000,0.1665
448,7549.147,16.350,1,0.120,2.522,0.011,11.930,0.802,1.163,0.221,62,355,58,30,79,117,291,158,153,5,0.0000,0,0.0000,1,0,5.0990,44.4443,0.9010,0.2873,1.1016,-0.0348,0,0.0000,0.2866
449,7565.724,16.881,1,0.014,2.544,0.017,11.787,0.913,0.931,0.250,61,355,58,30,79,117,291,158,153,5,0.0000,0,0.0000,1,0,5.0990,44.4443,0.9010,0.2873,1.1016,-0.0348,0,0.0000,0.4106
450,7584.042,16.631,1,0.003,3.247,0.066,11.760,1.194,1.568,0.302,61,355,58,30,76,117,291,159,153,6,0.0000,0,0.0000,1,0,5.0990,45.3059,0.9010,0.3156,0.8616,-0.0382,0,0.0000,0.5114
451,7600.576,18.301,1,0.134,2.763,0.017,10.136,1.190,1.812,0.325,61,356,58,30,78,117,291,159,154,5,0.0000,0,0.0000,1,0,5.0990,45.3059,0.9010,0.3156,0.8616,-0.0382,0,0.0000,0.6165
452,7615.819,16.606,1,0.020,2.486,0.012,10.214,1.106,0.991,0.191,61,356,58,30,81,117,291,159,154,5,0.0000,0,0.0000,1,0,5.0990,45.3059,0.9010,0.3156,0.8616,-0.0382,0,0.0000,0.7119
453,7630.479,15.184,1,0.002,1.745,0.039,11.377,0.557,0.661,0.119,61,356,58,30,77,117,291,160,154,6,0.0000,0,0.0000,1,0,5.4405,45.9275,0.9010,0.3414,0.6216,-0.0413,0,0.0000,0.7776
454,7649.235,14.593,1,0.083,1.713,0.007,15.142,0.501,0.651,0.571,62,360,58,30,82,117,291,160,155,5,0.0000,0,0.0000,1,0,5.4405,45.9275,0.9010,0.3414,0.6216,-0.0413,0,0.0000,0.8381
455,7663.320,18.735,1,0.001,1.443,0.017,11.338,0.494,0.587,0.117,61,360,58,30,78,117,291,160,155,5,0.0000,0,0.0000,1,0,5.4405,45.9275,0.9010,0.3414,0.6216,-0.0413,0,0.0000,0.9157
456,7679.128,14.087,1,0.002,0.692,0.021,13.953,0.487,0.515,0.073,62,360,58,30,74,117,291,161,155,6,0.0000,0,0.0000,1,0,5.8054,46.3092,0.9010,0.3649,0.3816,-0.0441,0,0.0000,0.9568
457,7696.298,15.788,1,0.054,0.850,0.008,15.212,0.336,0.563,0.092,62,361,58,30,77,117,291,161,156,5,0.0000,0,0.0000,1,0,5.8054,46.3092,0.9010,0.3649,0.3816,-0.0441,0,0.0000,0.9969
458,7712.225,17.177,1,0.005,0.601,0.005,14.298,0.365,0.536,0.064,62,361,58,30,76,117,291,161,156,5,0.0000,0,0.0000,1,0,5.8054,46.3092,0.9010,0.3649,0.3816,-0.0441,0,0.0000,1.0406
459,7732.012,15.914,1,0.001,2.061,0.020,15.007,1.827,0.709,0.117,62,361,58,30,72,117,291,162,156,6,0.0000,0,0.0000,1,0,6.1916,46.4508,0.9010,0.3863,0.1416,-0.0467,0,0.0000,1.0656
460,7745.715,19.808,1,0.050,0.896,0.008,11.894,0.365,0.346,0.072,61,365,58,30,81,117,291,162,157,5,0.0000,0,0.0000,1,0,6.1916,46.4508,0.9010,0.3863,0.1416,-0.0467,0,0.0000,1.0843
461,7762.610,13.695,1,0.001,0.958,0.005,14.862,0.555,0.374,0.087,62,365,58,30,77,117,291,162,157,5,0.0000,0,0.0000,1,0,6.1916,46.4508,0.9010,0.3863,0.1416,-0.0467,0,0.0000,1.0972
462,7779.122,16.896,1,0.001,0.939,0.024,14.641,0.385,0.394,0.068,62,365,58,30,73,117,291,163,157,6,0.0000,0,0.0000,1,0,6.5973,46.3525,0.9010,0.4057,-0.0984,-0.0491,0,0.0000,1.0970
463,7803.331,16.502,1,0.112,6.657,0.010,15.103,0.667,1.415,0.192,62,366,58,30,77,117,293,163,158,5,0.0000,0,0.0000,1,0,6.5973,46.3525,0.9010,0.4057,-0.0984,-0.0491,0,0.0000,1.0861
464,7821.610,24.265,1,0.010,8.545,0.037,7.539,0.825,1.030,0.182,60,366,58,30,77,117,295,164,158,6,0.0000,0,0.0000,1,0,7.0207,46.0141,0.9010,0.4234,-0.3384,-0.0512,0,0.0000,1.0688
465,7835.146,18.372,1,0.032,2.224,0.010,9.041,0.750,1.095,0.184,59,366,59,31,74,119,295,164,158,6,0.0000,0,0.0000,1,0,7.0207,46.0141,0.9010,0.4234,-0.3384,-0.0512,0,0.0000,1.0274
466,7857.197,13.442,1,0.122,7.671,0.011,12.229,0.745,0.965,0.199,61,370,59,31,81,119,297,164,159,5,0.0000,0,0.0000,1,0,7.0207,46.0141,0.9010,0.4234,-0.3384,-0.0512,0,0.0000,0.9971
467,7874.638,22.050,1,0.002,8.383,0.040,6.822,0.846,1.054,0.185,59,370,59,31,80,119,299,165,159,6,0.0000,0,0.0000,1,0,7.4603,45.4357,0.9010,0.4395,-0.5784,-0.0532,0,0.0000,0.9397
468,7893.993,17.441,1,0.002,10.620,0.015,6.054,0.957,1.296,0.303,59,370,60,31,77,121,299,165,159,6,0.0000,0,0.0000,1,0,7.4603,45.4357,0.9010,0.4395,-0.5784,-0.0532,0,0.0000,0.8725
469,7912.155,19.377,1,0.173,12.449,0.011,3.394,0.778,1.033,0.193,58,371,60,31,79,121,301,165,160,5,0.0000,0,0.0000,1,0,7.4603,45.4357,0.9010,0.4395,-0.5784,-0.0532,0,0.0000,0.7978
470,7925.543,18.144,1,0.018,9.316,0.040,1.927,0.853,0.929,0.191,58,371,60,31,79,121,303,166,160,6,0.0000,0,0.0000,1,0,7.9144,45.0010,0.9010,0.4542,0.0000,-0.0549,1,0.0000,0.7371
471,7935.509,13.384,1,0.002,3.416,0.008,5.060,0.503,0.745,0.131,60,371,61,31,78,123,303,166,160,6,0.0000,0,0.0000,1,0,7.9144,45.0010,0.9010,0.4542,0.0000,-0.0549,1,0.0000,0.6983
472,7955.771,9.941,1,0.093,6.753,0.008,11.785,0.573,0.825,0.148,64,375,61,31,82,123,305,166,161,5,0.0000,0,0.0000,1,0,7.9144,45.0010,0.9010,0.4542,0.0000,-0.0549,1,0.0000,0.6695
473,7968.086,20.265,1,0.002,2.152,0.033,8.170,0.688,0.994,0.134,62,375,61,30,79,123,305,167,161,6,0.0000,0,0.0000,3,0,8.0990,45.0010,0.9010,0.0000,0.0000,0.0000,1,0.0000,0.6203
474,7987.674,12.320,1,0.002,5.229,0.010,12.750,0.549,0.816,0.149,64,375,62,30,78,125,305,167,161,6,0.0000,0,0.0000,3,0,8.0990,45.0010,0.9010,0.0000,0.0000,0.0000,1,0.0000,0.6203
475,8005.968,19.598,1,0.114,6.864,0.009,9.595,0.637,0.753,0.228,63,377,63,30,81,127,305,167,162,5,0.0000,0,0.0000,3,0,8.0990,45.0010,0.9010,0.0000,0.0000,0.0000,1,0.0000,0.6203
476,8017.986,18.275,1,0.009,2.279,0.034,8.004,0.667,0.779,0.170,62,377,63,30,80,127,305,168,162,6,0.0000,0,0.0000,3,0,8.0990,45.0010,0.9010,0.0000,0.0000,0.0000,1,0.0000,0.6203
477,8042.421,12.040,1,0.003,9.448,0.011,12.747,0.780,1.144,0.200,64,377,64,31,78,129,305,168,162,6,0.0000,0,0.0000,3,0,8.0990,45.0010,0.9010,0.0000,0.0000,0.0000,1,0.0000,0.6203
478,8052.915,24.466,1,0.141,2.815,0.012,4.948,0.890,1.277,0.272,62,379,64,31,83,129,305,168,163,5,0.0000,0,0.0000,3,0,8.0990,45.0010,0.9010,0.0000,0.0000,0.0000,1,0.0000,0.6203
479,8068.792,10.484,1,0.012,2.266,0.045,11.215,1.046,0.980,0.185,65,379,64,31,82,129,305,169,163,6,0.0000,0,0.0000,3,0,8.0990,46.3426,0.9010,0.2561,1.3416,-0.0310,0,0.0000,0.6247
480,8085.573,15.909,1,0.003,2.722,0.011,11.962,0.856,0.875,0.195,65,379,64,31,78,129,305,169,163,6,0.0000,0,0.0000,3,0,8.0990,46.3426,0.9010,0.2561,1.3416,-0.0310,0,0.0000,0.7670
481,8102.077,16.736,1,0.125,2.107,0.020,11.821,1.001,1.107,0.197,64,382,64,31,85,129,305,169,164,5,0.0000,0,0.0000,3,0,8.0990,46.3426,0.9010,0.2561,1.3416,-0.0310,0,0.0000,0.9167
482,8124.706,16.502,1,0.003,8.258,0.011,12.280,0.741,1.019,0.206,64,382,64,31,81,129,307,169,164,5,0.0000,0,0.0000,3,0,8.0990,46.3426,0.9010,0.2561,1.3416,-0.0310,0,0.0000,1.0643
483,8140.660,22.630,1,0.003,7.096,0.049,6.070,0.967,1.400,0.256,62,382,64,31,80,129,309,170,164,6,0.0000,0,0.0000,3,0,8.0990,47.4443,0.9010,0.2873,1.1016,-0.0348,0,0.0000,1.2311
484,8157.301,15.974,1,0.116,7.572,0.012,6.694,0.783,1.141,0.192,62,384,64,31,84,129,311,170,165,5,0.0000,0,0.0000,3,0,8.0990,47.4443,0.9010,0.2873,1.1016,-0.0348,0,0.0000,1.3484
485,8174.168,16.620,1,0.016,7.700,0.042,6.869,0.868,1.069,0.192,62,384,64,31,84,129,313,171,165,6,0.0000,0,0.0000,3,0,8.0990,0.3059,0.8628,0.3156,0.8616,-0.0382,0,0.0000,1.4627
486,8189.974,16.867,1,0.003,6.916,0.011,6.616,0.822,1.114,0.213,62,384,64,31,83,129,315,171,165,6,0.0000,0,0.0000,3,0,8.0990,0.3059,0.8628,0.3156,0.8616,-0.0382,0,0.0000,1.5595
487,8207.959,15.821,1,0.144,8.165,0.064,7.429,0.746,1.077,0.234,62,387,64,31,86,129,317,171,166,5,0.0000,0,0.0000,3,0,10.6181,41.4010,0.5739,0.5518,-1.2000,-0.0667,0,0.0000,-0.4800
488,8220.435,17.970,1,0.003,3.610,0.169,6.212,0.842,1.333,0.199,61,387,64,31,84,129,317,172,166,6,0.0000,0,0.0000,3,0,11.0990,41.0010,0.5066,0.5563,0.0000,-0.0673,1,0.0000,-0.5944
489,8236.801,12.474,1,0.003,3.616,0.109,10.433,0.796,1.115,0.187,63,387,64,31,82,129,317,172,166,6,0.0000,0,0.0000,3,0,11.0990,41.0010,0.5066,0.5563,0.0000,-0.0673,1,0.0000,-0.6277
490,8253.580,16.393,1,0.150,3.338,0.013,10.591,1.027,1.289,0.232,63,388,64,31,84,129,317,172,167,5,0.0000,0,0.0000,3,0,8.0990,0.5990,0.8215,0.3414,0.0000,-0.0413,0,0.0000,1.7892
491,8275.740,16.777,1,0.014,9.243,0.045,10.510,0.863,1.080,0.270,63,388,64,31,84,129,319,173,167,6,0.0000,0,0.0000,3,0,8.4639,0.3590,0.7773,0.3649,-0.2400,-0.0441,0,0.0000,1.8178
492,8294.824,22.264,1,0.003,11.833,0.016,4.871,0.804,1.117,0.202,61,388,65,31,82,131,319,173,167,6,0.0000,0,0.0000,3,0,8.4639,0.3590,0.7773,0.3649,-0.2400,-0.0441,0,0.0000,1.7822
493,8303.365,18.999,1,0.142,3.462,0.011,2.507,0.844,1.237,0.180,60,392,65,31,86,131,319,173,168,5,0.0000,0,0.0000,3,0,9.6644,1.3092,0.7116,0.3649,0.3816,-0.0441,0,0.0000,1.7806
494,8319.932,8.496,1,0.003,2.274,0.055,10.801,1.260,1.758,0.303,66,392,65,31,84,131,319,174,168,6,0.0000,0,0.0000,3,0,10.0507,1.4508,0.6649,0.3863,0.1416,-0.0467,0,0.0000,1.8225
495,8341.273,16.637,1,0.002,8.265,0.013,10.835,0.750,1.095,0.204,65,392,66,32,82,133,319,174,168,6,0.0000,0,0.0000,3,0,10.0507,1.4508,0.6649,0.3863,0.1416,-0.0467,0,0.0000,1.8773
496,8352.864,21.264,1,0.157,3.346,0.055,6.008,0.648,0.781,0.500,63,392,66,32,82,133,319,174,169,5,0.0000,0,0.0000,3,0,9.7946,1.4508,0.6959,0.3863,0.1416,-0.0467,0,0.0000,2.0931
497,8367.506,11.584,1,0.008,1.815,0.035,10.993,0.826,0.762,0.104,66,392,66,32,83,133,319,175,169,6,0.0000,0,0.0000,3,0,10.1461,1.3525,0.6533,0.3515,-0.0984,-0.0425,0,0.0000,2.1033
498,8387.116,14.617,1,0.003,3.431,0.005,14.361,1.232,0.448,0.074,66,392,67,33,81,135,319,175,169,6,0.0000,0,0.0000,3,0,10.1461,1.3525,0.6533,0.3515,-0.0984,-0.0425,0,0.0000,2.0938
499,8399.940,19.594,1,0.047,0.899,0.007,10.921,0.423,0.407,0.071,64,396,67,33,88,135,319,175,170,5,0.0000,0,0.0000,3,0,9.8588,1.3525,0.6881,0.3515,-0.0984,-0.0425,0,0.0000,2.0809
500,8415.908,12.823,1,0.001,0.926,0.008,13.976,0.509,0.396,0.104,66,396,67,33,84,135,319,175,170,5,0.0000,0,0.0000,3,0,9.8588,1.3525,0.6881,0.3515,-0.0984,-0.0425,0,0.0000,2.0725
501,8434.063,15.978,1,0.001,2.772,0.019,14.535,0.253,0.445,0.079,65,396,68,33,81,137,319,176,170,6,0.0000,0,0.0000,3,0,10.1786,1.0141,0.6494,0.3199,-0.3384,-0.0387,0,0.0000,2.0406
502,8451.671,18.145,1,0.086,1.497,0.005,14.884,0.362,0.406,0.324,64,383,68,33,84,137,319,176,171,5,0.0000,0,0.0000,3,0,9.8630,1.0141,0.6494,0.3199,-0.3384,-0.0387,0,0.0000,1.9996
503,8467.479,17.610,1,0.002,2.554,0.007,12.158,0.438,0.491,0.112,64,383,68,33,82,137,319,176,171,5,0.0000,0,0.0000,3,0,9.8630,1.0141,0.6494,0.3199,-0.3384,-0.0387,0,0.0000,1.9599
504,8484.037,15.829,1,0.002,2.478,0.022,13.001,0.414,0.485,0.090,64,383,68,33,79,137,319,177,171,6,0.0000,0,0.0000,3,0,10.1541,0.4357,0.6142,0.2911,-0.5784,-0.0352,0,0.0000,1.9002
505,8502.936,16.547,1,0.201,2.700,0.011,13.428,0.851,1.343,0.300,63,387,68,33,89,137,319,177,172,5,0.0000,0,0.0000,3,0,10.1541,0.4357,0.6142,0.2911,-0.5784,-0.0352,0,0.0000,1.8364
506,8519.523,18.978,1,0.003,2.600,0.081,11.122,0.942,1.449,0.241,62,387,68,33,86,137,319,178,172,6,0.0000,0,0.0000,3,0,10.4190,0.0010,0.5821,0.2649,0.0000,-0.0320,1,0.0000,1.7637
507,8537.986,16.626,1,0.003,4.601,0.011,11.409,0.917,1.010,0.325,62,387,68,33,83,137,319,178,172,6,0.0000,0,0.0000,3,0,10.4190,0.0010,0.5821,0.2649,0.0000,-0.0320,1,0.0000,1.7155
508,8553.259,18.490,1,0.331,2.863,0.016,9.412,0.918,1.261,0.259,61,389,68,34,88,137,319,178,173,5,0.0000,0,0.0000,3,0,10.4190,0.0010,0.5821,0.2649,0.0000,-0.0320,1,0.0000,1.6619
509,8569.718,15.264,1,0.019,2.778,0.069,10.748,1.065,1.317,0.253,62,389,68,34,89,137,319,179,173,6,0.0000,0,0.0000,3,0,10.5779,0.0010,0.5629,0.1589,0.0000,-0.0192,1,0.0000,1.6203
510,8586.540,16.487,1,0.003,2.742,0.013,10.944,1.476,1.172,0.237,62,389,68,34,86,137,319,179,173,6,0.0000,0,0.0000,3,0,10.5779,0.0010,0.5629,0.1589,0.0000,-0.0192,1,0.0000,1.6203
511,8606.544,16.893,1,0.189,2.985,0.010,13.288,1.331,1.673,0.223,61,391,68,33,92,137,319,179,174,5,0.0000,0,0.0000,3,0,10.5779,0.0010,0.5629,0.1589,0.0000,-0.0192,1,0.0000,1.6203
512,8619.619,19.925,1,0.026,2.422,0.044,7.867,0.933,1.254,0.307,60,391,68,33,91,137,319,180,174,6,0.0000,0,0.0000,3,0,10.6733,0.0010,0.5514,0.0954,0.0000,-0.0115,1,0.0000,1.6203
513,8635.991,13.006,1,0.003,2.632,0.011,11.327,0.882,1.008,0.352,62,391,68,33,87,137,319,180,174,6,0.0000,0,0.0000,3,0,10.6733,0.0010,0.5514,0.0954,0.0000,-0.0115,1,0.0000,1.6203
514,8653.614,16.468,1,0.366,3.272,0.015,11.439,0.820,1.252,0.208,62,393,68,33,93,137,319,180,175,5,0.0000,0,0.0000,3,0,10.6733,0.0010,0.5514,0.0954,0.0000,-0.0115,1,0.0000,1.6203
515,8669.317,17.535,1,0.017,2.684,0.045,10.443,0.973,1.144,0.233,61,393,68,33,92,137,319,181,175,6,0.0000,0,0.0000,3,0,10.7305,0.0010,0.5445,0.0572,0.0000,-0.0069,1,0.0000,1.6203
516,8686.629,15.729,1,0.003,2.428,0.010,11.321,1.315,1.727,0.244,62,393,68,33,88,137,319,181,175,6,0.0000,0,0.0000,3,0,10.7305,0.0010,0.5445,0.0572,0.0000,-0.0069,1,0.0000,1.6203
517,8703.108,17.306,1,0.177,2.579,0.012,10.662,0.866,1.675,0.321,61,395,68,33,94,137,319,181,176,5,0.0000,0,0.0000,3,0,10.7305,0.0010,0.5445,0.0572,0.0000,-0.0069,1,0.0000,1.6203
518,8719.356,16.484,1,0.013,2.658,0.043,10.968,1.040,1.047,0.288,61,395,68,33,95,137,319,182,176,6,0.0000,0,0.0000,3,0,10.7648,0.0010,0.5403,0.0343,0.0000,-0.0042,1,0.0000,1.6203
519,8735.600,16.287,1,0.003,2.410,0.010,11.633,0.831,0.924,0.206,61,395,68,33,92,137,319,182,176,6,0.0000,0,0.0000,3,0,10.7648,0.0010,0.5403,0.0343,0.0000,-0.0042,1,0.0000,1.6203
520,8753.054,16.179,1,0.449,2.177,0.014,11.934,1.100,1.360,0.252,61,397,68,33,97,137,319,182,177,5,0.0000,0,0.0000,3,0,10.7648,0.0010,0.5403,0.0343,0.0000,-0.0042,1,0.0000,1.6203
521,8769.177,17.465,1,0.013,2.656,0.076,10.920,1.057,1.015,0.213,61,397,68,33,96,137,319,183,177,6,0.0000,0,0.0000,3,0,10.7854,0.0010,0.5378,0.0206,0.0000,-0.0025,1,0.0000,1.6203
522,8785.430,16.117,1,0.002,2.487,0.010,11.500,0.819,1.068,0.202,61,397,68,34,92,137,319,183,177,6,0.0000,0,0.0000,3,0,10.7854,0.0010,0.5378,0.0206,0.0000,-0.0025,1,0.0000,1.6203
523,8803.052,16.241,1,0.235,2.411,0.013,12.166,1.056,1.301,0.282,61,399,68,34,99,137,319,183,178,5,0.0000,0,0.0000,3,0,10.7854,0.0010,0.5378,0.0206,0.0000,-0.0025,1,0.0000,1.6203
524,8818.866,17.651,1,0.012,2.445,0.042,10.929,0.925,1.041,0.239,61,399,68,34,97,137,319,184,178,6,0.0000,0,0.0000,3,0,10.7978,0.0010,0.5363,0.0124,0.0000,-0.0015,1,0.0000,1.6203
525,8841.025,15.795,1,0.002,2.835,0.014,16.671,1.029,1.139,0.301,61,399,68,34,94,137,319,184,178,6,0.0000,0,0.0000,3,0,10.7978,0.0010,0.5363,0.0124,0.0000,-0.0015,1,0.0000,1.6203
526,8857.735,22.189,1,0.114,2.794,0.010,11.143,0.892,1.362,0.200,59,401,68,34,97,137,319,184,179,5,0.0000,0,0.0000,3,0,10.7978,0.0010,0.5363,0.0124,0.0000,-0.0015,1,0.0000,1.6203
527,8877.299,16.765,1,0.012,2.488,0.173,14.540,0.874,1.015,0.215,59,401,68,34,94,137,319,185,179,6,0.0000,0,0.0000,3,0,10.8052,0.0010,0.5354,0.0074,0.0000,-0.0009,1,0.0000,1.6203
528,8893.608,19.477,1,0.002,2.197,0.145,11.350,0.973,1.228,0.253,59,401,68,34,92,137,319,185,179,6,0.0000,0,0.0000,3,0,10.8052,0.0010,0.5354,0.0074,0.0000,-0.0009,1,0.0000,1.6203
529,8927.013,16.337,1,0.132,2.394,0.131,28.277,0.873,1.139,0.270,59,403,68,34,97,137,319,185,180,5,0.0000,0,0.0000,3,0,10.8052,0.0010,0.5354,0.0074,0.0000,-0.0009,1,0.0000,1.6203
530,8937.665,33.390,1,0.002,2.603,0.163,5.214,0.826,1.429,0.241,56,403,68,34,94,137,319,186,180,6,0.0000,0,0.0000,3,0,10.8096,0.0010,0.5349,0.0044,0.0000,-0.0005,1,0.0000,1.6203
531,8954.357,10.708,1,0.122,2.734,0.138,11.032,0.808,1.424,0.208,60,405,68,34,96,137,319,186,181,5,0.0000,0,0.0000,3,0,10.8096,0.0010,0.5349,0.0044,0.0000,-0.0005,1,0.0000,1.6203
532,8970.826,16.675,1,0.013,2.608,0.160,11.100,0.880,1.272,0.221,60,405,68,34,96,137,319,187,181,6,0.0000,0,0.0000,3,0,10.8123,0.0010,0.5346,0.0027,0.0000,-0.0003,1,0.0000,1.6203
533,8988.193,16.467,1,0.002,2.852,0.131,11.540,1.031,1.309,0.291,60,405,68,34,93,137,319,187,181,6,1.2413,62,8.3665,4,0,10.8123,0.0010,0.5346,0.0027,0.0000,-0.0003,1,0.0000,1.6203
534,9006.913,17.314,1,0.160,2.466,0.171,10.787,1.808,1.948,1.217,60,407,68,34,97,137,319,187,182,5,1.2413,62,8.3665,4,0,10.8123,0.0010,0.5346,0.0027,0.0000,-0.0003,1,0.0000,1.6203
535,9021.682,19.254,1,0.015,2.375,0.567,8.117,1.127,1.637,0.235,59,407,68,32,98,137,319,188,182,6,1.2413,62,8.3665,4,0,10.8139,0.0010,0.5344,0.0016,0.0000,-0.0002,1,0.0000,1.6203
536,9037.598,14.248,1,0.015,2.231,0.148,10.533,1.132,1.426,0.256,60,407,68,32,99,137,319,188,182,6,1.2413,62,8.3665,4,0,10.8139,0.0010,0.5344,0.0016,0.0000,-0.0002,1,0.0000,1.6203
537,9054.945,15.883,1,0.192,2.433,0.145,11.318,1.261,1.569,0.286,60,409,68,32,104,137,319,188,183,5,1.2413,62,8.3665,4,0,10.8139,0.0010,0.5344,0.0016,0.0000,-0.0002,1,0.0000,1.6203
538,9071.417,17.343,1,0.014,2.378,0.188,10.614,1.149,1.690,0.299,60,409,68,32,105,137,319,189,183,6,1.2413,62,8.3665,4,0,10.8149,0.0010,0.5342,0.0010,0.0000,-0.0001,1,0.0000,1.6203
539,9085.862,16.492,1,0.002,2.199,0.078,10.659,0.557,0.629,0.171,60,409,68,32,101,137,319,189,183,6,1.2413,62,8.3665,4,0,10.8149,0.0010,0.5342,0.0010,0.0000,-0.0001,1,0.0000,1.6203
540,9102.756,14.389,1,0.084,1.439,0.082,12.831,0.390,1.827,0.147,61,411,68,32,102,137,319,189,184,5,1.2413,62,8.3665,4,0,10.8149,0.0010,0.5342,0.0010,0.0000,-0.0001,1,0.0000,1.6203
541,9117.637,16.879,1,0.010,0.823,0.085,12.561,0.786,0.455,0.087,61,411,68,32,103,137,319,190,184,6,1.2413,62,8.3665,4,0,10.8154,0.0010,0.5342,0.0006,0.0000,-0.0001,1,0.0000,1.6203
542,9134.576,14.857,1,0.002,0.637,0.042,15.476,0.278,0.319,0.075,61,411,68,32,99,137,319,190,184,6,1.2413,62,8.3665,4,0,10.8154,0.0010,0.5342,0.0006,0.0000,-0.0001,1,0.0000,1.6203
543,9151.061,16.944,1,0.058,0.822,0.126,14.095,0.652,0.576,0.078,61,413,68,32,108,137,319,190,185,5,1.2413,62,8.3665,4,0,10.8154,0.0010,0.5342,0.0006,0.0000,-0.0001,1,0.0000,1.6203
544,9167.476,16.474,1,0.001,1.178,0.057,14.234,0.380,0.432,0.092,61,413,68,32,104,137,319,190,185,5,1.2413,62,8.3665,4,0,10.8154,0.0010,0.5342,0.0006,0.0000,-0.0001,1,0.0000,1.6203
545,9185.978,16.427,1,0.001,1.015,0.089,16.098,0.449,0.609,0.185,61,413,68,32,100,137,319,191,185,6,1.2413,62,8.3665,4,0,10.8158,0.0010,0.5341,0.0003,0.0000,-0.0000,1,0.0000,1.6203
546,9200.729,18.501,1,0.053,0.901,0.102,12.730,0.438,0.394,0.078,60,415,68,32,102,137,319,191,186,5,1.2413,62,8.3665,4,0,10.8158,0.0010,0.5341,0.0003,0.0000,-0.0000,1,0.0000,1.6203
547,9217.609,14.780,1,0.002,1.072,0.057,14.506,0.367,0.692,0.102,61,415,68,32,98,137,319,191,186,5,1.2413,62,8.3665,4,0,10.8158,0.0010,0.5341,0.0003,0.0000,-0.0000,1,0.0000,1.6203
548,9234.161,16.876,1,0.002,0.789,0.197,14.332,0.600,0.436,0.099,61,415,68,31,94,137,319,192,186,6,1.2413,62,8.3665,4,0,10.8160,0.0010,0.5341,0.0002,0.0000,-0.0000,1,0.0000,1.6203
549,9250.617,16.553,1,0.055,0.636,0.054,14.579,0.648,0.329,0.076,61,417,68,31,100,137,319,192,187,5,1.2413,62,8.3665,4,0,10.8160,0.0010,0.5341,0.0002,0.0000,-0.0000,1,0.0000,1.6203
550,9270.775,16.437,1,0.003,2.752,0.124,15.087,1.027,0.906,0.189,61,417,68,31,97,137,319,192,187,5,1.2413,62,8.3665,4,0,10.8160,0.0010,0.5341,0.0002,0.0000,-0.0000,1,0.0000,1.6203
551,9287.119,20.230,1,0.003,2.394,0.190,11.425,0.962,1.026,0.202,60,417,68,31,93,137,319,193,187,6,1.2413,62,8.3665,4,0,10.8161,0.0010,0.5341,0.0001,0.0000,-0.0000,1,0.0000,1.6203
552,9306.124,16.339,1,0.166,3.034,0.251,11.829,1.183,2.138,0.254,60,419,68,31,97,137,319,193,188,5,1.2413,62,8.3665,4,0,10.8161,0.0010,0.5341,0.0001,0.0000,-0.0000,1,0.0000,1.6203
553,9321.492,18.995,1,0.019,2.722,0.174,9.478,0.982,1.670,0.196,59,419,68,31,99,137,319,194,188,6,1.2413,62,8.3665,4,0,10.8162,0.0010,0.5341,0.0001,0.0000,-0.0000,1,0.0000,1.6203
554,9337.478,15.364,1,0.003,2.903,0.108,10.730,0.910,0.977,0.233,60,419,68,31,96,137,319,194,188,6,1.2413,62,8.3665,4,0,10.8162,0.0010,0.5341,0.0001,0.0000,-0.0000,1,0.0000,1.6203
555,9354.992,15.993,1,0.171,3.104,0.131,11.414,0.943,1.352,0.265,60,421,68,31,101,137,319,194,189,5,1.2413,62,8.3665,4,0,10.8162,0.0010,0.5341,0.0001,0.0000,-0.0000,1,0.0000,1.6203
556,9368.656,17.508,1,0.023,1.661,0.104,10.595,0.492,0.556,0.116,60,421,68,31,102,137,319,195,189,6,1.2413,62,8.3665,4,0,10.8162,0.0010,0.5341,0.0000,0.0000,-0.0000,1,0.0000,1.6203
557,9388.021,13.679,1,0.003,2.537,0.175,13.685,1.127,1.346,0.352,61,421,68,31,99,137,319,195,189,6,1.2413,62,8.3665,4,0,10.8162,0.0010,0.5341,0.0000,0.0000,-0.0000,1,0.0000,1.6203
558,9405.257,19.403,1,0.168,2.528,0.206,10.826,1.622,1.476,0.227,60,423,68,31,103,137,319,195,190,5,1.2413,62,8.3665,4,0,10.8162,0.0010,0.5341,0.0000,0.0000,-0.0000,1,0.0000,1.6203
559,9419.571,17.212,1,0.017,2.125,0.177,10.278,0.567,0.884,0.116,60,423,68,31,105,137,319,196,190,6,1.2413,62,8.3665,4,0,10.8163,0.0010,0.5341,0.0000,0.0000,-0.0000,1,0.0000,1.6203
560,9437.538,14.294,1,0.003,2.681,0.112,12.810,0.982,1.015,0.236,61,423,68,31,101,137,319,196,190,6,1.2413,62,8.3665,4,0,10.8163,0.0010,0.5341,0.0000,0.0000,-0.0000,1,0.0000,1.6203
561,9454.481,17.964,1,0.200,2.298,0.245,11.386,1.109,1.335,0.223,60,425,68,31,104,137,319,196,191,5,1.2413,62,8.3665,4,0,10.8163,0.0010,0.5341,0.0000,0.0000,-0.0000,1,0.0000,1.6203
562,9469.633,16.942,1,0.013,2.388,0.129,10.933,0.625,0.822,0.119,60,425,68,31,105,137,319,197,191,6,1.2413,62,8.3665,4,0,10.8163,0.0010,0.5341,0.0000,0.0000,-0.0000,1,0.0000,1.6203
563,9487.799,15.120,1,0.003,2.759,0.132,12.746,1.032,1.145,0.254,61,425,68,31,101,137,319,197,191,6,1.2413,62,8.3665,4,0,10.8163,0.0010,0.5341,0.0000,0.0000,-0.0000,1,0.0000,1.6203
564,9504.210,18.258,1,0.168,2.323,0.126,10.996,0.975,1.411,0.223,60,427,68,31,104,137,319,197,192,5,1.2413,62,8.3665,4,0,10.8163,0.0010,0.5341,0.0000,0.0000,-0.0000,1,0.0000,1.6203
565,9519.804,16.348,1,0.018,2.443,0.101,11.237,0.580,0.949,0.146,60,427,68,31,105,137,319,198,192,6,1.2413,62,8.3665,4,0,10.8163,1.3426,0.5341,0.0000,1.3416,-0.0000,0,0.0000,1.6363
566,9535.683,15.594,1,0.002,2.256,0.023,12.258,0.485,0.614,0.123,61,427,68,31,101,137,321,198,192,6,1.2413,62,8.3665,4,0,10.8163,1.3426,0.5341,0.0000,1.3416,-0.0000,0,0.0000,1.7757
567,9551.549,15.870,1,0.092,1.384,0.085,13.027,0.499,0.554,0.113,61,429,68,32,105,137,321,198,193,5,1.2413,62,8.3665,4,0,10.8163,1.3426,0.5341,0.0000,1.3416,-0.0000,0,0.0000,1.9177
568,9567.685,15.822,1,0.007,1.112,0.093,13.920,0.387,0.442,0.106,61,429,68,32,103,137,321,198,193,5,1.2413,62,8.3665,4,0,10.8163,1.3426,0.5341,0.0000,1.3416,-0.0000,0,0.0000,2.0592
569,9587.468,16.129,1,0.002,2.683,0.210,14.627,0.950,1.058,0.189,61,429,68,32,100,137,321,199,193,6,1.2413,62,8.3665,4,0,10.8705,2.4443,0.5275,0.0542,1.1016,-0.0066,0,0.0000,2.1791
570,9604.024,19.861,1,0.136,2.594,0.114,11.392,0.824,1.103,0.229,60,431,68,32,104,137,321,199,194,5,1.2413,62,8.3665,4,0,10.8705,2.4443,0.5275,0.0542,1.1016,-0.0066,0,0.0000,2.3250
571,9619.605,16.561,1,0.012,2.097,0.221,11.470,0.637,0.853,0.136,60,431,68,32,102,137,321,200,194,6,1.2413,62,8.3665,4,0,10.9741,3.3059,0.5150,0.1035,0.8616,-0.0125,0,0.0000,2.4440
572,9637.550,15.518,1,0.003,2.977,0.136,12.691,0.874,0.973,0.206,61,431,68,32,99,137,321,200,194,6,1.2413,62,8.3665,4,0,10.9741,3.3059,0.5150,0.1035,0.8616,-0.0125,0,0.0000,2.5332
573,9653.408,17.971,1,0.123,2.311,0.221,11.358,0.652,0.937,0.144,60,433,68,32,102,137,321,200,195,5,1.2413,62,8.3665,4,0,10.9741,3.3059,0.5150,0.1035,0.8616,-0.0125,0,0.0000,2.6364
574,9668.587,15.858,1,0.013,1.575,0.034,12.035,0.726,0.578,0.113,60,433,68,32,103,137,321,201,195,6,1.2413,62,8.3665,4,0,11.1225,3.9275,0.4970,0.1484,0.6216,-0.0180,0,0.0000,2.7260
575,9685.379,15.140,1,0.002,1.881,0.009,13.512,0.476,0.680,0.167,61,433,68,33,99,137,321,201,195,6,1.2413,62,8.3665,4,0,11.1225,3.9275,0.4970,0.1484,0.6216,-0.0180,0,0.0000,2.7887
576,9704.504,16.841,1,0.189,2.402,0.016,13.573,1.226,1.349,0.245,61,435,68,33,103,137,321,201,196,5,1.2413,62,8.3665,4,0,11.1225,3.9275,0.4970,0.1484,0.6216,-0.0180,0,0.0000,2.8585
577,9720.014,19.171,1,0.021,2.563,0.035,10.997,0.707,0.880,0.146,60,435,68,34,105,137,321,202,196,6,1.2413,62,8.3665,4,0,11.3117,4.3092,0.4741,0.1893,0.3816,-0.0229,0,0.0000,2.9346
578,9737.699,15.455,1,0.003,2.724,0.021,12.241,1.068,1.287,0.228,60,435,68,34,102,137,321,202,196,6,1.2413,62,8.3665,4,0,11.3117,4.3092,0.4741,0.1893,0.3816,-0.0229,0,0.0000,2.9739
579,9755.359,17.706,1,0.196,2.838,0.019,11.317,1.477,1.446,0.227,60,437,68,34,106,137,321,202,197,5,1.2413,62,8.3665,4,0,11.3117,4.3092,0.4741,0.1893,0.3816,-0.0229,0,0.0000,3.0189
580,9772.755,17.665,1,0.021,3.222,0.065,10.240,1.306,2.194,0.205,60,437,68,34,108,137,321,203,197,6,1.2413,62,8.3665,4,0,11.5382,4.4508,0.4467,0.2264,0.1416,-0.0274,0,0.0000,3.0592
581,9786.706,17.394,1,0.002,2.356,0.012,9.297,0.697,1.164,0.289,59,437,68,34,104,137,321,203,197,6,1.2413,62,8.3665,4,0,11.5382,4.4508,0.4467,0.2264,0.1416,-0.0274,0,0.0000,3.0756
582,9802.302,13.939,1,0.070,1.275,0.013,12.901,0.401,0.685,0.131,61,439,68,34,110,137,321,203,198,5,1.2413,62,8.3665,4,0,11.5382,4.4508,0.4467,0.2264,0.1416,-0.0274,0,0.0000,3.0888
583,9817.290,16.171,1,0.002,0.935,0.031,12.341,0.471,0.426,0.087,61,439,68,34,106,137,321,204,198,6,1.2413,62,8.3665,4,0,11.7985,4.3525,0.4153,0.2603,-0.0984,-0.0315,0,0.0000,3.1033
584,9836.596,14.353,1,0.001,2.145,0.016,15.078,0.585,0.978,0.432,62,439,68,34,104,137,321,204,198,6,1.2413,62,8.3665,4,0,11.7985,4.3525,0.4153,0.2603,-0.0984,-0.0315,0,0.0000,3.0939
585,9851.250,19.311,1,0.090,0.744,0.008,12.051,0.928,0.641,0.131,61,442,68,34,111,137,321,204,199,5,1.2413,62,8.3665,4,0,11.7985,4.3525,0.4153,0.2603,-0.0984,-0.0315,0,0.0000,3.0812
586,9867.767,14.662,1,0.002,1.346,0.008,14.062,0.425,0.441,0.164,61,442,68,34,107,137,321,204,199,5,1.2413,62,8.3665,4,0,11.7985,4.3525,0.4153,0.2603,-0.0984,-0.0315,0,0.0000,3.0716
587,9885.053,16.522,1,0.001,1.877,0.015,14.223,0.399,0.616,0.080,61,442,68,34,103,137,321,205,199,6,1.2413,62,8.3665,4,0,12.0895,4.0141,0.3800,0.2910,-0.3384,-0.0352,0,0.0000,3.0363
588,9900.887,17.261,1,0.074,1.238,0.009,13.614,0.377,0.369,0.097,61,443,68,34,106,137,321,205,200,5,1.2413,62,8.3665,4,0,12.0895,4.0141,0.3800,0.2910,-0.3384,-0.0352,0,0.0000,2.9974
589,9916.996,15.831,1,0.006,0.633,0.006,14.462,0.405,0.490,0.065,61,443,68,34,104,137,321,205,200,5,1.2413,62,8.3665,4,0,12.0895,4.0141,0.3800,0.2910,-0.3384,-0.0352,0,0.0000,2.9617
590,9934.126,16.108,1,0.002,0.835,0.192,15.006,0.521,0.436,0.081,61,443,68,34,100,137,321,206,200,6,1.2413,62,8.3665,4,0,12.4086,3.4357,0.3415,0.3191,-0.5784,-0.0386,0,0.0000,2.9021
591,9954.384,17.146,1,0.180,2.881,0.154,14.888,0.868,1.032,0.187,61,447,68,33,109,137,321,206,201,5,1.2413,62,8.3665,4,0,12.4086,3.4357,0.3415,0.3191,-0.5784,-0.0386,0,0.0000,2.8360
592,9970.639,20.300,1,0.003,2.386,0.182,11.160,1.056,1.169,0.187,60,447,68,33,107,137,321,207,201,6,1.2413,62,8.3665,4,0,12.7531,2.6174,0.2998,0.3445,-0.8184,-0.0417,0,0.0000,2.7547
593,9987.512,16.272,1,0.003,2.239,0.116,11.630,0.798,1.729,0.230,60,447,68,32,104,137,321,207,201,6,1.2413,62,8.3665,4,0,12.7531,2.6174,0.2998,0.3445,-0.8184,-0.0417,0,0.0000,2.6659
594,10006.496,16.880,1,0.151,2.985,0.136,11.393,1.068,2.650,0.465,60,447,68,32,102,137,321,207,202,5,0.0000,0,0.0000,1,0,12.7531,2.6174,0.2998,0.3445,-0.8184,-0.0417,0,0.0000,2.5738
595,10020.585,18.982,1,0.033,2.637,0.178,9.263,0.699,0.994,0.151,59,447,68,32,104,137,321,208,202,6,0.0000,0,0.0000,1,0,13.1209,1.5590,0.2553,0.3677,-1.0584,-0.0445,0,0.0000,2.4637
596,10034.543,14.053,1,0.009,1.384,0.061,11.525,0.384,0.414,0.094,60,447,68,32,104,137,321,208,202,6,0.0000,0,0.0000,1,0,13.1209,1.5590,0.2553,0.3677,-1.0584,-0.0445,0,0.0000,2.3645
597,10051.436,13.926,1,0.100,1.054,0.133,14.168,0.515,0.739,0.119,62,451,68,32,110,137,321,208,203,5,0.0000,0,0.0000,1,0,13.1209,1.5590,0.2553,0.3677,-1.0584,-0.0445,0,0.0000,2.2663
598,10071.093,16.922,1,0.003,3.017,0.042,14.110,1.009,1.184,0.199,61,451,68,32,106,137,323,208,203,5,0.0000,0,0.0000,1,0,13.1209,1.5590,0.2553,0.3677,-1.0584,-0.0445,0,0.0000,2.1469
599,10104.212,19.673,1,0.002,17.866,0.124,11.149,1.878,1.689,0.298,60,451,69,32,102,139,323,209,203,6,0.0000,0,0.0000,1,0,13.5097,0.2607,0.2082,0.3889,-1.2984,-0.0470,0,0.0000,1.9782
600,10111.364,33.159,1,0.318,3.098,0.169,0.589,1.132,1.474,0.222,57,451,69,31,102,139,323,210,204,6,0.0000,0,0.0000,1,0,13.9178,46.7223,0.1589,0.4081,-1.5384,-0.0494,0,0.0000,1.6883
601,10120.063,7.135,1,0.008,2.692,0.095,4.040,0.671,0.913,0.152,66,451,69,31,101,139,323,210,204,6,0.0000,0,0.0000,1,0,13.9178,46.7223,0.1589,0.4081,-1.5384,-0.0494,0,0.0000,1.6152
602,10134.183,8.726,1,0.007,1.190,0.067,11.900,0.336,0.384,0.082,70,451,69,31,101,139,323,210,204,6,0.0000,0,0.0000,1,0,13.9178,46.7223,0.1589,0.4081,-1.5384,-0.0494,0,0.0000,1.5257
603,10154.947,14.018,1,0.151,2.726,0.013,14.910,1.479,1.164,0.263,71,455,69,31,109,139,323,210,205,5,0.0000,0,0.0000,1,0,12.0990,4.0010,0.0823,0.0000,0.0000,-0.0724,1,0.0000,1.4408
604,10171.354,20.833,1,0.002,2.733,0.042,10.530,1.641,1.080,0.250,68,455,69,31,105,139,323,211,205,6,0.0000,0,0.0000,1,0,12.3552,3.7610,0.0079,0.2561,-0.2400,-0.0744,0,0.0000,1.7519
605,10187.099,16.415,1,0.002,2.309,0.014,10.913,0.922,1.051,0.399,68,455,69,32,102,139,323,211,205,6,0.0000,0,0.0000,1,0,12.3552,3.7610,0.0079,0.2561,-0.2400,-0.0744,0,0.0000,1.9222
606,10204.948,15.864,1,0.127,3.758,0.097,11.724,0.646,1.072,0.174,67,455,69,31,99,139,323,211,206,5,0.0000,0,0.0000,1,0,14.3433,44.9439,0.1074,0.4255,-1.7784,-0.0515,0,0.0000,0.7815
607,10218.232,17.752,1,0.012,1.627,0.075,10.289,0.396,0.585,0.150,66,455,69,29,101,139,323,212,206,6,0.0000,0,0.0000,1,0,14.3433,45.0010,0.1074,0.4255,0.0000,-0.0515,1,0.0000,0.6023
608,10237.135,13.280,1,0.012,2.341,0.114,14.002,1.107,0.930,0.191,67,455,69,29,99,139,323,212,206,6,0.0000,0,0.0000,1,0,14.3433,45.0010,0.1074,0.4255,0.0000,-0.0515,1,0.0000,0.6073
609,10254.438,18.854,1,0.156,2.840,0.145,11.928,0.862,1.073,0.193,66,459,69,31,107,139,323,212,207,5,0.0000,0,0.0000,1,0,13.0990,2.0010,47.9885,0.0000,0.0000,-0.0732,1,0.0000,0.9346
610,10270.706,17.308,1,0.002,2.500,0.219,11.153,1.037,1.058,0.189,65,459,69,31,103,139,323,213,207,6,0.0000,0,0.0000,1,0,13.0990,1.7610,47.9446,0.0000,-0.2400,-0.0439,0,0.0000,1.1655
611,10287.089,16.263,1,0.003,2.466,0.112,11.617,0.802,1.063,0.215,64,459,69,31,101,139,323,213,207,6,0.0000,0,0.0000,1,0,13.0990,1.7610,47.9446,0.0000,-0.2400,-0.0439,0,0.0000,1.3213
612,10307.383,16.419,1,0.157,5.232,0.163,11.862,1.274,1.275,0.183,64,459,69,32,99,139,323,213,208,5,0.0000,0,0.0000,1,0,15.3095,0.0010,47.9905,0.3340,0.0000,-0.0404,1,0.0000,2.1107
613,10320.234,20.252,1,0.021,3.308,0.087,8.128,0.455,0.659,0.104,63,459,69,32,99,139,323,214,208,6,0.0000,0,0.0000,1,0,15.5099,47.7610,47.9663,0.2004,-0.2400,-0.0242,0,0.0000,2.0035
614,10337.650,12.826,1,0.018,2.383,0.283,12.138,1.229,1.100,0.193,64,459,69,32,100,139,323,214,208,6,0.0000,0,0.0000,1,0,15.5099,47.7610,47.9663,0.2004,-0.2400,-0.0242,0,0.0000,1.9328
615,10353.715,17.484,1,0.154,2.113,0.111,11.268,0.810,1.276,0.194,63,463,69,31,105,139,323,214,209,5,0.0000,0,0.0000,1,0,14.0990,0.0010,47.9663,0.0000,0.0000,-0.0242,1,0.0000,1.5543
616,10376.195,16.060,1,0.003,8.254,0.070,11.866,0.877,1.067,0.208,63,463,70,31,103,141,323,215,209,6,0.0000,0,0.0000,1,0,14.0990,47.7610,47.9517,0.0000,-0.2400,-0.0145,0,0.0000,1.5628
617,10387.671,22.480,1,0.003,3.166,0.117,6.066,0.835,0.973,0.179,61,463,70,31,101,141,323,215,209,6,0.0000,0,0.0000,1,0,14.0990,47.7610,47.9517,0.0000,-0.2400,-0.0145,0,0.0000,1.5393
618,10404.509,11.478,1,0.279,2.775,0.122,11.258,0.883,1.185,0.196,64,447,70,31,105,141,323,215,210,5,0.0000,0,0.0000,1,0,14.0990,0.0010,0.1008,0.0000,0.0000,-0.0107,1,0.0000,1.5495
619,10419.647,16.854,1,0.010,2.230,0.320,10.896,0.598,0.794,0.141,64,447,70,31,104,141,323,216,210,6,0.0000,0,0.0000,1,0,14.0990,47.7610,0.0944,0.0000,-0.2400,-0.0064,0,0.0000,1.5581
620,10434.754,15.072,1,0.010,1.245,0.145,12.501,0.553,0.463,0.099,64,447,70,31,103,141,323,216,210,6,0.0000,0,0.0000,1,0,14.0990,47.7610,0.0944,0.0000,-0.2400,-0.0064,0,0.0000,1.5428
621,10451.043,15.094,1,0.092,1.206,0.072,13.950,0.349,0.470,0.080,64,453,70,31,110,141,323,216,211,5,0.0000,0,0.0000,1,0,15.3458,45.0010,45.9861,0.1841,0.0000,-0.0223,1,0.0000,1.4015
622,10469.228,16.278,1,0.002,1.281,0.062,15.734,0.416,0.546,0.089,64,453,70,31,106,141,323,216,211,5,0.0000,0,0.0000,1,0,15.3458,45.0010,45.9861,0.1841,0.0000,-0.0223,1,0.0000,1.2743
623,10484.106,18.185,1,0.001,0.871,0.140,12.797,0.425,0.479,0.102,63,453,70,31,102,141,323,217,211,6,0.0000,0,0.0000,1,0,15.4562,45.0010,45.9728,0.1105,0.0000,-0.0134,1,0.0000,1.1554
624,10502.111,14.879,1,0.064,2.653,0.012,14.525,0.260,0.371,0.068,63,457,71,29,106,143,323,217,212,5,0.0000,0,0.0000,1,0,14.8548,45.0010,5.0455,0.5115,0.0000,-0.0619,1,0.0000,0.6203
625,10519.392,18.002,1,0.001,1.404,0.059,13.705,0.392,0.506,1.161,63,457,71,29,102,143,323,217,212,5,0.0000,0,0.0000,1,0,14.8548,45.0010,5.0455,0.5115,0.0000,-0.0619,1,0.0000,0.6203
626,10535.092,17.286,1,0.001,2.118,0.067,12.598,0.320,0.461,0.077,62,457,71,29,98,143,323,218,212,6,0.0000,0,0.0000,1,0,14.8548,45.0010,6.0455,0.5115,0.0000,-0.0619,1,0.0000,0.6203
627,10551.370,15.696,1,0.066,1.828,0.044,13.578,0.283,0.355,0.071,62,461,71,31,101,143,323,218,213,5,0.0000,0,0.0000,1,0,15.3458,45.0010,43.9861,0.1841,0.0000,-0.0223,1,0.0000,0.6203
628,10568.529,16.274,1,0.001,2.371,0.012,13.995,0.316,0.344,0.071,62,461,72,32,100,145,323,218,213,5,0.0000,0,0.0000,1,0,15.3458,45.0010,43.9861,0.1841,0.0000,-0.0223,1,0.0000,0.6203
629,10584.294,17.152,1,0.002,1.163,0.062,13.651,0.352,0.415,0.079,62,461,72,32,96,145,323,219,213,6,0.0000,0,0.0000,1,0,15.3458,45.0010,42.9861,0.1841,0.0000,-0.0223,1,0.0000,0.6203
630,10601.233,15.767,1,0.085,1.482,0.048,14.504,0.285,0.411,0.080,62,463,72,32,97,145,323,219,214,5,0.0000,0,0.0000,1,0,15.6005,45.0010,47.9553,0.0143,0.0000,-0.0017,1,0.0000,0.6203
631,10618.588,16.940,1,0.001,2.510,0.013,14.117,0.269,0.328,0.074,62,463,73,32,94,147,323,219,214,5,0.0000,0,0.0000,1,0,15.6005,45.0010,47.9553,0.0143,0.0000,-0.0017,1,0.0000,0.6203
632,10634.941,17.354,1,0.001,1.599,0.062,13.765,0.342,0.404,0.135,61,463,73,32,90,147,323,220,214,6,0.0000,0,0.0000,1,0,15.6091,45.0010,47.9543,0.0086,0.0000,-0.0010,1,0.0000,0.6203
633,10653.926,16.357,1,0.094,3.682,0.025,14.008,0.448,0.540,0.140,61,466,73,32,100,147,325,220,215,5,0.0000,0,0.0000,1,0,15.6091,45.0010,47.9543,0.0086,0.0000,-0.0010,1,0.0000,0.6203
634,10670.096,19.013,1,0.002,2.975,0.093,11.590,0.602,0.693,0.134,60,466,73,32,98,147,325,221,215,6,0.0000,0,0.0000,1,0,15.6142,45.0010,47.9537,0.0052,0.0000,-0.0006,1,0.0000,0.6203
635,10686.780,16.182,1,0.002,3.058,0.076,12.152,0.576,0.592,0.137,61,466,73,32,96,147,325,221,215,6,0.0000,0,0.0000,1,0,15.6142,45.0010,47.9537,0.0052,0.0000,-0.0006,1,0.0000,0.6203
636,10705.777,16.714,1,0.128,5.063,0.027,12.139,0.525,0.852,0.140,60,468,73,32,101,147,327,221,216,5,0.0000,0,0.0000,1,0,15.6142,45.0010,47.9537,0.0052,0.0000,-0.0006,1,0.0000,0.6203
637,10723.347,18.999,1,0.002,6.357,0.042,9.663,0.563,0.685,0.135,60,468,73,32,99,147,329,222,216,6,0.0000,0,0.0000,1,0,15.6173,45.0010,47.9533,0.0031,0.0000,-0.0004,1,0.0000,0.6203
638,10736.573,17.541,1,0.002,2.848,0.077,8.861,0.501,0.715,0.126,59,468,73,32,97,147,329,222,216,6,0.0000,0,0.0000,1,0,15.6173,45.0010,47.9533,0.0031,0.0000,-0.0004,1,0.0000,0.6203
639,10754.472,13.222,1,0.104,4.073,0.026,12.295,0.498,0.682,0.130,61,472,73,32,103,147,331,222,217,5,0.0000,0,0.0000,1,0,15.6173,45.0010,47.9533,0.0031,0.0000,-0.0004,1,0.0000,0.6203
640,10770.153,17.901,1,0.002,2.995,0.121,11.051,0.631,0.653,0.134,61,472,73,32,101,147,331,223,217,6,0.0000,0,0.0000,1,0,15.6192,45.0010,47.9531,0.0019,0.0000,-0.0002,1,0.0000,0.6203
641,10786.598,15.678,1,0.002,2.849,0.080,12.061,0.512,0.718,0.131,61,472,73,32,99,147,331,223,217,6,0.0000,0,0.0000,1,0,15.6192,45.0010,47.9531,0.0019,0.0000,-0.0002,1,0.0000,0.6203
642,10806.194,16.445,1,0.124,5.609,0.029,12.281,0.650,0.674,0.139,61,472,73,32,101,147,333,223,218,5,0.0000,0,0.0000,1,0,15.6192,45.0010,47.9531,0.0019,0.0000,-0.0002,1,0.0000,0.6203
643,10819.946,19.599,1,0.002,2.700,0.096,9.258,0.575,0.885,0.144,60,472,73,32,99,147,333,224,218,6,0.0000,0,0.0000,1,0,15.6203,45.0010,47.9529,0.0011,0.0000,-0.0001,1,0.0000,0.6203
644,10841.076,13.749,1,0.002,2.987,0.076,16.625,0.519,0.696,0.135,61,472,73,32,97,147,333,224,218,6,0.0000,0,0.0000,1,0,15.6203,45.0010,47.9529,0.0011,0.0000,-0.0001,1,0.0000,0.6203
645,10860.339,21.133,1,0.123,5.580,0.026,12.142,0.503,0.665,0.133,60,476,73,32,104,147,335,224,219,5,0.0000,0,0.0000,1,0,15.6203,45.0010,47.9529,0.0011,0.0000,-0.0001,1,0.0000,0.6203
646,10876.795,19.263,1,0.002,5.335,0.045,9.585,0.595,0.667,0.135,59,476,74,32,102,149,335,225,219,6,0.0000,0,0.0000,1,0,15.6209,45.0010,47.9528,0.0007,0.0000,-0.0001,1,0.0000,0.6203
647,10890.950,16.536,1,0.002,2.947,0.078,9.670,0.562,0.561,0.163,59,476,74,32,100,149,335,225,219,6,0.0000,0,0.0000,1,0,15.6209,45.0010,47.9528,0.0007,0.0000,-0.0001,1,0.0000,0.6203
648,10910.139,14.074,1,0.095,5.309,0.025,12.295,0.520,0.713,0.141,60,476,74,32,104,149,337,225,220,5,0.0000,0,0.0000,1,0,15.6209,45.0010,47.9528,0.0007,0.0000,-0.0001,1,0.0000,0.6203
649,10926.216,19.177,1,0.002,4.814,0.055,9.731,0.567,0.699,0.128,60,476,74,32,103,149,339,226,220,6,0.0000,0,0.0000,1,0,15.6213,45.0010,47.9528,0.0004,0.0000,-0.0000,1,0.0000,0.6203
650,10940.346,16.068,1,0.002,2.351,0.075,10.391,0.495,0.615,0.132,60,476,74,32,101,149,339,226,220,6,0.0000,0,0.0000,1,0,15.6213,45.0010,47.9528,0.0004,0.0000,-0.0000,1,0.0000,0.6203
651,10960.197,14.132,1,0.093,5.429,0.027,12.926,0.505,0.667,0.132,61,480,74,32,108,149,341,226,221,5,0.0000,0,0.0000,1,0,15.6213,45.0010,47.9528,0.0004,0.0000,-0.0000,1,0.0000,0.6203
652,10976.189,19.853,1,0.002,4.752,0.059,9.717,0.576,0.681,0.131,60,480,74,32,107,149,343,227,221,6,0.0000,0,0.0000,1,0,15.6216,45.0010,47.9528,0.0002,0.0000,-0.0000,1,0.0000,0.6203
653,10991.155,15.991,1,0.002,2.720,0.093,10.472,0.662,0.794,0.151,60,480,74,32,105,149,343,227,221,6,0.0000,0,0.0000,1,0,15.6216,45.0010,47.9528,0.0002,0.0000,-0.0000,1,0.0000,0.6203
654,11008.004,14.977,1,0.091,3.105,0.076,12.092,0.518,0.749,0.134,61,481,74,32,107,149,343,227,222,5,4.8010,95,7.0470,3,0,15.6216,45.0010,47.9528,0.0002,0.0000,-0.0000,1,0.0000,0.6203
655,11023.897,16.837,1,0.002,2.338,0.148,11.880,0.588,0.703,0.163,61,481,74,32,105,149,343,228,222,6,4.8010,95,7.0470,3,0,15.6217,45.0010,47.9527,0.0001,0.0000,-0.0000,1,0.0000,0.6203
656,11041.361,15.933,1,0.002,3.162,0.079,12.786,0.503,0.690,0.131,61,481,74,32,103,149,343,228,222,6,4.8010,95,7.0470,3,0,15.6217,45.0010,47.9527,0.0001,0.0000,-0.0000,1,0.0000,0.6203
657,11057.286,17.427,1,0.135,2.415,0.076,11.919,0.501,0.670,0.134,60,485,74,32,109,149,343,228,223,5,4.8010,95,7.0470,3,0,15.6217,45.0010,47.9527,0.0001,0.0000,-0.0000,1,0.0000,0.6203
658,11077.250,15.926,1,0.002,5.287,0.054,12.779,0.742,0.862,0.161,61,485,75,32,108,151,343,229,223,6,4.8010,95,7.0470,3,0,15.6218,45.0010,47.9527,0.0001,0.0000,-0.0000,1,0.0000,0.6203
659,11091.395,19.978,1,0.002,2.493,0.115,9.403,0.889,0.993,0.154,60,485,75,32,107,151,343,229,223,6,4.8010,95,7.0470,3,0,15.6218,45.0010,47.9527,0.0001,0.0000,-0.0000,1,0.0000,0.6203
660,11111.905,14.143,1,0.098,6.890,0.035,11.802,0.605,0.817,0.175,61,485,75,32,110,151,345,229,224,5,4.8010,95,7.0470,3,0,15.6218,45.0010,47.9527,0.0001,0.0000,-0.0000,1,0.0000,0.6203
661,11126.770,20.498,1,0.001,6.044,0.027,7.916,0.339,0.387,0.079,60,485,75,32,108,151,347,230,224,6,4.8010,95,7.0470,3,0,15.6219,45.0010,47.9527,0.0001,0.0000,-0.0000,1,0.0000,0.6203
662,11140.746,14.853,1,0.001,3.581,0.012,9.676,0.266,0.314,0.068,60,485,76,33,104,153,347,230,224,6,4.8010,95,7.0470,3,0,15.6219,45.0010,47.9527,0.0001,0.0000,-0.0000,1,0.0000,0.6203
663,11158.597,13.966,1,0.062,3.335,0.020,13.162,0.420,0.698,0.105,61,489,76,33,113,153,349,230,225,5,4.8010,95,7.0470,3,0,15.6219,45.0010,47.9527,0.0001,0.0000,-0.0000,1,0.0000,0.6203
664,11176.481,17.855,1,0.002,4.838,0.026,12.192,0.339,0.355,0.079,61,489,76,33,111,153,351,231,225,6,4.8010,95,7.0470,3,0,15.6219,45.0010,47.9527,0.0000,0.0000,-0.0000,1,0.0000,0.6203
665,11189.726,17.902,1,0.001,2.551,0.013,9.958,0.263,0.317,0.071,60,489,77,33,108,155,351,231,225,6,4.8010,95,7.0470,3,0,15.6219,45.0010,47.9527,0.0000,0.0000,-0.0000,1,0.0000,0.6203
666,11206.521,13.223,1,0.064,2.111,0.057,13.466,0.442,0.515,0.090,62,490,77,33,109,155,351,231,226,5,4.8010,95,7.0470,3,0,15.6219,45.0010,47.9527,0.0000,0.0000,-0.0000,1,0.0000,0.6203
667,11223.117,16.803,1,0.001,2.423,0.029,13.368,0.309,0.338,0.070,62,490,77,33,108,155,353,232,226,6,4.8010,95,7.0470,3,0,15.6219,45.0010,47.9527,0.0000,0.0000,-0.0000,1,0.0000,0.6203
668,11239.391,16.588,1,0.001,2.106,0.044,13.340,0.327,0.327,0.081,62,490,77,33,104,155,353,232,226,6,4.8010,95,7.0470,3,0,15.6219,45.0010,47.9527,0.0000,0.0000,-0.0000,1,0.0000,0.6203
669,11256.333,16.273,1,0.064,2.445,0.013,13.731,0.272,0.301,0.071,62,494,78,33,108,157,353,232,227,5,4.8010,95,7.0470,3,0,15.6219,45.0010,47.9527,0.0000,0.0000,-0.0000,1,0.0000,0.6203
670,11272.730,16.942,1,0.002,2.097,0.059,13.439,0.320,0.358,0.071,61,494,78,33,104,157,353,233,227,6,4.8010,95,7.0470,3,0,15.6219,45.0010,47.9527,0.0000,0.0000,-0.0000,1,0.0000,0.6203
671,11289.215,16.400,1,0.002,1.918,0.049,13.785,0.284,0.316,0.079,61,494,78,33,100,157,353,233,227,6,4.8010,95,7.0470,3,0,15.6219,45.0010,47.9527,0.0000,0.0000,-0.0000,1,0.0000,0.6203
672,11306.428,16.486,1,0.054,2.359,0.015,13.959,0.313,0.388,0.073,61,495,78,33,107,157,355,233,228,5,4.8010,95,7.0470,3,0,15.6219,45.0010,47.9527,0.0000,0.0000,-0.0000,1,0.0000,0.6203
673,11323.478,17.201,1,0.002,2.710,0.034,13.502,0.339,0.333,0.088,61,495,78,33,106,157,357,234,228,6,4.8010,95,7.0470,3,0,15.6219,45.0010,47.9527,0.0000,0.0000,-0.0000,1,0.0000,0.6203
674,11359.001,17.096,1,0.070,3.430,0.015,31.184,0.285,0.365,0.088,61,499,78,34,112,157,359,234,229,5,4.8010,95,7.0470,3,0,15.6219,45.0010,47.9527,0.0000,0.0000,-0.0000,1,0.0000,0.6203
675,11363.374,35.535,1,0.001,2.197,0.028,0.099,0.299,1.592,0.058,57,499,78,37,111,157,361,235,229,6,4.8010,95,7.0470,3,0,15.6219,45.0010,47.9527,0.0000,0.0000,-0.0000,1,0.0000,0.6203
676,11376.001,4.326,1,0.001,3.467,0.013,8.288,0.299,0.429,0.078,75,499,78,37,108,157,363,235,229,6,4.8010,95,7.0470,3,0,15.6219,45.0010,47.9527,0.0000,0.0000,-0.0000,1,0.0000,0.6203
677,11391.574,12.654,1,0.005,2.352,0.019,12.239,0.331,0.460,0.091,75,499,78,37,107,157,365,235,229,6,4.8010,95,7.0470,3,0,15.6219,45.0010,47.9527,0.0000,0.0000,-0.0000,1,0.0000,0.6203
678,11408.064,15.571,1,0.046,2.170,0.012,13.444,0.255,0.407,0.079,74,500,78,36,110,157,367,235,230,5,4.8010,95,7.0470,3,0,15.6219,45.0010,47.9527,0.0000,0.0000,-0.0000,1,0.0000,0.6203
679,11425.108,16.483,1,0.001,2.486,0.024,13.652,0.348,0.382,0.081,73,500,78,36,108,157,369,236,230,6,4.8010,95,7.0470,3,0,15.6219,45.0010,47.9527,0.0000,0.0000,-0.0000,1,0.0000,0.6203
680,11460.290,17.046,1,0.072,3.970,0.022,29.943,0.415,0.560,0.127,71,504,78,37,115,157,371,236,231,5,4.8010,95,7.0470,3,0,15.6219,45.0010,47.9527,0.0000,0.0000,-0.0000,1,0.0000,0.6203
681,11473.041,35.240,1,0.001,3.719,0.043,7.765,0.441,0.542,0.109,67,504,78,38,112,157,373,237,231,6,4.8010,95,7.0470,3,0,15.6219,45.0010,47.9527,0.0000,0.0000,-0.0000,1,0.0000,0.6203
682,11490.514,12.708,1,0.002,4.396,0.018,11.693,0.448,0.721,0.109,68,504,79,38,109,159,373,237,231,6,4.8010,95,7.0470,3,0,15.6219,45.0010,47.9527,0.0000,0.0000,-0.0000,1,0.0000,0.6203
683,11506.660,17.476,1,0.072,4.022,0.019,10.843,0.399,0.580,0.120,67,507,79,37,116,159,375,237,232,5,4.8010,95,7.0470,3,0,15.6219,45.0010,47.9527,0.0000,0.0000,-0.0000,1,0.0000,0.6203
684,11524.775,16.158,1,0.002,5.274,0.043,11.403,0.485,0.662,0.143,67,507,79,37,113,159,377,238,232,6,4.8010,95,7.0470,3,0,15.6219,45.0010,47.9527,0.0000,0.0000,-0.0000,1,0.0000,0.6203
685,11539.379,18.155,1,0.001,3.077,0.088,9.979,0.524,0.651,0.139,65,507,79,36,110,159,377,238,232,6,4.8010,95,7.0470,3,0,15.6219,45.0010,47.9527,0.0000,0.0000,-0.0000,1,0.0000,0.6203
686,11554.435,14.568,1,0.067,1.698,0.061,12.020,0.391,0.605,0.106,66,509,79,36,113,159,377,238,233,5,4.8010,95,7.0470,3,0,15.6219,45.0010,47.9527,0.0000,0.0000,-0.0000,1,0.0000,0.6203
687,11571.972,15.061,1,0.001,2.471,0.075,13.622,0.438,0.682,0.135,66,509,79,36,109,159,377,239,233,6,4.8010,95,7.0470,3,0,15.6219,45.0010,47.9527,0.0000,0.0000,-0.0000,1,0.0000,0.6203
688,11592.671,17.515,1,0.002,6.502,0.024,12.810,0.474,0.678,0.118,65,509,80,37,106,161,377,239,233,6,4.8010,95,7.0470,3,0,15.6219,45.0010,47.9527,0.0000,0.0000,-0.0000,1,0.0000,0.6203
689,11605.733,20.731,1,0.084,2.813,0.007,8.673,0.523,0.729,0.110,63,513,80,35,110,161,377,239,234,5,4.8010,95,7.0470,3,0,15.6219,45.0010,47.9527,0.0000,0.0000,-0.0000,1,0.0000,0.6203
690,11622.465,13.052,1,0.002,2.971,0.023,12.314,0.604,0.556,0.146,65,513,80,35,106,161,377,240,234,6,4.8010,95,7.0470,3,0,15.6219,45.0010,47.9527,0.0000,0.0000,-0.0000,1,0.0000,0.6203
691,11641.471,16.790,1,0.002,5.280,0.008,12.240,0.474,0.702,0.130,64,513,81,35,105,163,377,240,234,6,4.8010,95,7.0470,3,0,15.6219,45.0010,47.9527,0.0000,0.0000,-0.0000,1,0.0000,0.6203
692,11654.151,18.956,1,0.077,1.486,0.009,9.895,0.445,0.543,0.100,63,513,81,34,107,163,377,240,235,5,4.8010,95,7.0470,3,0,15.6219,45.0010,47.9527,0.0000,0.0000,-0.0000,1,0.0000,0.6203
693,11671.909,12.667,1,0.002,2.632,0.018,13.899,0.406,0.568,0.124,65,513,81,34,103,163,377,241,235,6,4.8010,95,7.0470,3,0,15.6219,45.0010,47.9527,0.0000,0.0000,-0.0000,1,0.0000,0.6203
694,11688.436,17.749,1,0.002,2.507,0.005,12.937,0.360,0.494,0.122,64,513,81,36,100,163,377,241,235,6,4.8010,95,7.0470,3,0,15.6219,45.0010,47.9527,0.0000,0.0000,-0.0000,1,0.0000,0.6203
695,11704.069,16.531,1,0.073,1.356,0.011,12.941,0.525,0.512,0.104,63,517,81,36,108,163,377,241,236,5,4.8010,95,7.0470,3,0,15.6219,45.0010,47.9527,0.0000,0.0000,-0.0000,1,0.0000,0.6203
696,11721.108,15.641,1,0.001,1.827,0.082,14.051,0.365,0.494,0.110,63,517,81,36,104,163,377,242,236,6,4.8010,95,7.0470,3,0,15.6219,45.0010,47.9527,0.0000,0.0000,-0.0000,1,0.0000,0.6203
697,11738.794,17.335,1,0.001,2.689,0.071,13.372,0.461,0.576,0.110,63,517,81,36,101,163,377,242,236,6,4.8010,95,7.0470,3,0,15.6219,45.0010,47.9527,0.0000,0.0000,-0.0000,1,0.0000,0.6203
698,11756.252,17.515,1,0.092,2.692,0.087,12.795,0.657,0.737,0.162,62,519,81,36,105,163,377,242,237,5,4.8010,95,7.0470,3,0,15.6219,45.0010,47.9527,0.0000,0.0000,-0.0000,1,0.0000,0.6203
699,11772.568,17.332,1,0.002,2.468,0.106,11.860,0.860,0.785,0.120,62,519,81,36,103,163,377,243,237,6,4.8010,95,7.0470,3,0,15.6219,45.0010,47.9527,0.0000,0.0000,-0.0000,1,0.0000,0.6203
700,11789.616,16.296,1,0.002,2.984,0.202,12.234,0.918,0.485,0.112,62,519,81,36,99,163,377,243,237,6,4.8010,95,7.0470,3,0,15.6219,45.0010,47.9527,0.0000,0.0000,-0.0000,1,0.0000,0.6203
701,11805.003,17.014,1,0.041,0.989,0.049,11.871,0.352,1.965,0.067,62,522,81,36,106,163,377,243,238,5,4.8010,95,7.0470,3,0,15.6219,45.0010,47.9527,0.0000,0.0000,-0.0000,1,0.0000,0.6203
702,11824.229,15.379,1,0.002,3.448,0.028,14.935,0.311,0.383,0.072,62,522,82,36,102,165,377,244,238,6,4.8010,95,7.0470,3,0,15.6219,45.0010,47.9527,0.0000,0.0000,-0.0000,1,0.0000,0.6203
703,11838.158,19.230,1,0.001,2.114,0.123,10.535,0.494,0.506,0.093,61,522,82,36,98,165,377,244,238,6,4.8010,95,7.0470,3,0,15.6219,45.0010,47.9527,0.0000,0.0000,-0.0000,1,0.0000,0.6203
704,11853.538,13.931,1,0.057,0.985,0.055,13.273,0.391,0.470,0.097,62,523,82,36,101,165,377,244,239,5,4.8010,95,7.0470,3,0,15.6219,45.0010,47.9527,0.0000,0.0000,-0.0000,1,0.0000,0.6203
705,11873.629,15.393,1,0.001,3.327,0.046,15.516,0.430,0.577,0.127,62,523,83,36,99,167,377,245,239,6,4.8010,95,7.0470,3,0,15.6219,45.0010,47.9527,0.0000,0.0000,-0.0000,1,0.0000,0.6203
706,11887.765,20.083,1,0.001,1.696,0.046,11.182,0.374,0.651,0.130,61,523,83,36,95,167,377,245,239,6,4.8010,95,7.0470,3,0,15.6219,45.0010,47.9527,0.0000,0.0000,-0.0000,1,0.0000,0.6203
707,11904.178,14.126,1,0.065,1.154,0.104,13.752,0.546,0.648,0.088,62,526,83,36,103,167,377,245,240,5,4.8010,95,7.0470,3,0,15.6219,45.0010,47.9527,0.0000,0.0000,-0.0000,1,0.0000,0.6203
708,11920.586,16.417,1,0.002,0.932,0.069,14.008,0.822,0.447,0.077,62,526,83,36,99,167,377,246,240,6,4.8010,95,7.0470,3,0,15.6219,45.0010,47.9527,0.0000,0.0000,-0.0000,1,0.0000,0.6203
709,11938.584,16.404,1,0.002,2.616,0.053,14.389,0.411,0.402,0.079,62,526,83,36,95,167,377,246,240,6,4.8010,95,7.0470,3,0,15.6219,45.0010,47.9527,0.0000,0.0000,-0.0000,1,0.0000,0.6203
710,11953.731,17.996,1,0.057,0.680,0.055,12.895,0.347,0.983,0.084,61,527,83,36,99,167,377,246,241,5,4.8010,95,7.0470,3,0,15.6219,45.0010,47.9527,0.0000,0.0000,-0.0000,1,0.0000,0.6203
711,11970.415,15.164,1,0.001,1.124,0.193,14.387,0.420,0.422,0.072,62,527,83,36,95,167,377,247,241,6,4.8010,95,7.0470,3,0,15.6219,45.0010,47.9527,0.0000,0.0000,-0.0000,1,0.0000,0.6203
712,11987.810,16.673,1,0.001,1.740,0.083,14.429,0.556,0.429,0.100,61,527,83,36,91,167,377,247,241,6,4.8010,95,7.0470,3,0,15.6219,45.0010,47.9527,0.0000,0.0000,-0.0000,1,0.0000,0.6203
713,12003.213,17.426,1,0.045,0.651,0.046,13.535,0.279,0.558,0.209,61,531,83,36,98,167,377,247,242,5,4.8010,95,7.0470,3,0,15.6219,45.0010,47.9527,0.0000,0.0000,-0.0000,1,0.0000,0.6203
714,12020.493,15.539,1,0.001,1.022,0.075,14.748,0.532,0.598,0.085,61,531,83,36,94,167,377,248,242,6,0.0000,0,0.0000,0,0,15.6219,45.0010,47.9527,0.0000,0.0000,-0.0000,1,0.0000,0.6203
715,12038.680,17.130,1,0.002,2.291,0.059,14.573,0.653,0.431,0.097,61,531,83,36,90,167,377,248,242,6,0.0000,0,0.0000,0,0,15.6219,45.0010,47.9527,0.0000,0.0000,-0.0000,1,0.0000,0.6203
716,12054.513,18.208,1,0.057,1.019,0.081,12.855,0.629,0.973,0.123,60,531,83,37,94,167,377,248,243,5,0.0000,0,0.0000,0,0,15.6219,45.0010,47.9527,0.0000,0.0000,-0.0000,1,0.0000,0.6203
717,12071.929,15.821,1,0.001,1.945,0.303,13.552,0.567,0.798,0.164,61,531,83,39,90,167,377,249,243,6,0.0000,0,0.0000,0,0,15.6219,45.0010,47.9527,0.0000,0.0000,-0.0000,1,0.0000,0.6203
718,12088.914,17.655,1,0.002,2.661,0.084,12.653,0.432,0.683,0.154,60,531,83,36,87,167,377,249,243,6,0.0000,0,0.0000,0,0,15.6219,45.0010,47.9527,0.0000,0.0000,-0.0000,1,0.0000,0.6203
719,12104.657,17.035,1,0.097,1.433,0.073,12.337,0.487,0.834,0.114,60,535,83,35,96,167,377,249,244,5,0.0000,0,0.0000,0,0,15.6219,45.0010,47.9527,0.0000,0.0000,-0.0000,1,0.0000,0.6203
720,12121.533,15.500,1,0.002,1.828,0.088,13.346,0.555,0.807,0.124,61,535,83,35,92,167,377,250,244,6,0.0000,0,0.0000,0,0,15.6219,45.0010,47.9527,0.0000,0.0000,-0.0000,1,0.0000,0.6203
721,12138.879,17.014,1,0.002,2.828,0.066,13.117,0.496,0.442,0.128,60,535,83,35,89,167,377,250,244,6,0.0000,0,0.0000,0,0,15.6219,45.0010,47.9527,0.0000,0.0000,-0.0000,1,0.0000,0.6203
722,12153.868,17.164,1,0.064,0.970,0.058,12.746,0.418,0.534,0.119,60,535,83,35,94,167,377,250,245,5,0.0000,0,0.0000,0,0,15.6219,45.0010,47.9527,0.0000,0.0000,-0.0000,1,0.0000,0.6203
723,12171.606,15.005,1,0.001,1.951,0.244,14.310,0.457,0.558,0.105,61,535,83,35,90,167,377,251,245,6,0.0000,0,0.0000,0,0,15.6219,45.0010,47.9527,0.0000,0.0000,-0.0000,1,0.0000,0.6203
724,12187.986,17.728,1,0.002,2.136,0.054,13.226,0.345,0.436,0.097,60,535,83,35,87,167,377,251,245,6,0.0000,0,0.0000,0,0,15.6219,45.0010,47.9527,0.0000,0.0000,-0.0000,1,0.0000,0.6203
725,12204.295,16.409,1,0.065,1.276,0.178,13.479,0.550,0.518,0.107,60,539,83,35,96,167,377,251,246,5,0.0000,0,0.0000,0,0,15.6219,45.0010,47.9527,0.0000,0.0000,-0.0000,1,0.0000,0.6203
726,12223.478,16.282,1,0.002,2.539,0.289,14.058,0.988,1.004,0.206,61,539,83,35,92,167,377,252,246,6,0.0000,0,0.0000,0,0,15.6219,45.0010,47.9527,0.0000,0.0000,-0.0000,1,0.0000,0.6203
727,12243.068,19.251,1,0.002,5.249,0.134,11.541,1.016,1.163,0.318,60,539,83,35,90,167,377,252,246,6,0.0000,0,0.0000,0,0,15.6219,45.0010,47.9527,0.0000,0.0000,-0.0000,1,0.0000,0.6203
728,12257.813,20.084,1,0.184,3.133,0.132,8.077,0.938,1.346,0.275,59,540,83,35,93,167,377,252,247,5,0.0000,0,0.0000,0,0,15.6219,45.0010,47.9527,0.0000,0.0000,-0.0000,1,0.0000,0.6203
729,12272.807,14.331,1,0.014,2.558,0.247,10.266,0.799,0.696,0.155,60,540,83,35,93,167,377,253,247,6,0.0000,0,0.0000,0,0,15.6219,45.0010,47.9527,0.0000,0.0000,-0.0000,1,0.0000,0.6203
730,12290.005,14.916,1,0.002,3.067,0.108,12.055,0.750,0.847,0.206,61,540,83,35,91,167,377,253,247,6,0.0000,0,0.0000,0,0,15.6219,45.0010,47.9527,0.0000,0.0000,-0.0000,1,0.0000,0.6203
731,12306.213,17.157,1,0.116,2.565,0.123,11.596,0.712,0.818,0.148,60,544,83,35,98,167,377,253,248,5,0.0000,0,0.0000,0,0,15.6219,45.0010,47.9527,0.0000,0.0000,-0.0000,1,0.0000,0.6203
732,12321.970,16.199,1,0.003,1.684,0.202,12.018,0.702,0.847,0.173,60,544,83,35,94,167,377,254,248,6,0.0000,0,0.0000,0,0,15.6219,45.0010,47.9527,0.0000,0.0000,-0.0000,1,0.0000,0.6203
733,12339.811,15.738,1,0.002,3.019,0.115,12.926,0.699,0.850,0.133,61,544,83,35,92,167,377,254,248,6,0.0000,0,0.0000,0,0,15.6219,45.0010,47.9527,0.0000,0.0000,-0.0000,1,0.0000,0.6203
734,12356.743,17.944,1,0.097,3.160,0.107,11.617,0.758,0.878,0.114,60,545,83,35,94,167,377,254,249,5,0.0000,0,0.0000,0,0,15.6219,45.0010,47.9527,0.0000,0.0000,-0.0000,1,0.0000,0.6203
735,12373.673,16.885,1,0.015,3.629,0.144,11.388,0.669,0.766,0.166,60,545,83,35,94,167,377,255,249,6,0.0000,0,0.0000,0,0,15.6219,45.0010,47.9527,0.0000,0.0000,-0.0000,1,0.0000,0.6203
736,12389.431,17.038,1,0.002,2.736,0.117,11.089,0.710,0.738,0.108,60,545,83,35,92,167,377,255,249,6,0.0000,0,0.0000,0,0,15.6219,45.0010,47.9527,0.0000,0.0000,-0.0000,1,0.0000,0.6203
737,12405.889,15.649,1,0.092,2.230,0.083,12.134,0.597,1.027,0.146,60,549,83,35,101,167,377,255,250,5,0.0000,0,0.0000,0,0,15.6219,45.0010,47.9527,0.0000,0.0000,-0.0000,1,0.0000,0.6203
738,12422.577,16.484,1,0.002,2.063,0.136,12.294,0.856,1.017,0.142,60,549,83,35,97,167,377,256,250,6,0.0000,0,0.0000,0,0,15.6219,45.0010,47.9527,0.0000,0.0000,-0.0000,1,0.0000,0.6203
739,12439.741,16.700,1,0.002,2.489,0.116,12.271,0.918,1.026,0.152,60,549,83,35,96,167,377,256,250,6,0.0000,0,0.0000,0,0,15.6219,45.0010,47.9527,0.0000,0.0000,-0.0000,1,0.0000,0.6203
740,12456.752,17.157,1,0.162,2.213,0.195,11.889,1.423,0.833,0.113,60,549,83,35,97,167,377,256,251,5,0.0000,0,0.0000,0,0,15.6219,45.0010,47.9527,0.0000,0.0000,-0.0000,1,0.0000,0.6203
741,12477.384,16.968,1,0.009,5.552,2.157,11.371,0.535,0.766,0.107,60,549,83,35,99,167,379,257,251,6,0.0000,0,0.0000,0,0,15.6219,45.0010,47.9527,0.0000,0.0000,-0.0000,1,0.0000,0.6203
742,12490.110,20.781,1,0.002,4.092,0.026,7.157,0.426,0.664,0.079,59,549,83,35,98,167,381,257,251,6,0.0000,0,0.0000,0,0,15.6219,45.0010,47.9527,0.0000,0.0000,-0.0000,1,0.0000,0.6203
743,12510.050,12.518,1,0.088,6.011,0.024,12.647,0.429,0.586,0.080,61,553,83,35,104,167,383,257,252,5,0.0000,0,0.0000,0,0,15.6219,45.0010,47.9527,0.0000,0.0000,-0.0000,1,0.0000,0.6203
744,12522.625,19.959,1,0.001,3.605,0.032,7.990,0.351,0.427,0.075,60,553,83,35,102,167,385,258,252,6,0.0000,0,0.0000,0,0,15.6219,45.0010,47.9527,0.0000,0.0000,-0.0000,1,0.0000,0.6203
745,12538.997,12.562,1,0.002,3.090,0.017,12.263,0.360,0.483,0.077,62,553,83,35,100,167,387,258,252,6,0.0000,0,0.0000,0,0,15.6219,45.0010,47.9527,0.0000,0.0000,-0.0000,1,0.0000,0.6203
746,12555.007,16.389,1,0.070,2.067,0.013,12.384,0.413,0.547,0.421,62,556,83,35,104,167,389,258,253,5,0.0000,0,0.0000,0,0,15.6219,45.0010,47.9527,0.0000,0.0000,-0.0000,1,0.0000,0.6203
747,12572.758,15.976,1,0.001,3.616,0.037,13.070,0.397,0.476,0.093,62,556,83,35,103,167,391,259,253,6,0.0000,0,0.0000,0,0,15.6219,45.0010,47.9527,0.0000,0.0000,-0.0000,1,0.0000,0.6203
748,12588.597,17.740,1,0.002,2.651,0.057,12.051,0.450,0.488,0.087,61,556,83,35,99,167,391,259,253,6,0.0000,0,0.0000,0,0,15.6219,45.0010,47.9527,0.0000,0.0000,-0.0000,1,0.0000,0.6203
749,12604.537,15.837,1,0.045,2.163,0.012,12.960,0.296,0.348,0.069,61,558,83,35,102,167,393,259,254,5,0.0000,0,0.0000,0,0,15.6219,45.0010,47.9527,0.0000,0.0000,-0.0000,1,0.0000,0.6203
750,12620.347,15.939,1,0.002,1.244,0.075,13.620,0.336,0.380,0.104,62,558,83,35,98,167,393,260,254,6,0.0000,0,0.0000,0,0,15.6219,45.0010,47.9527,0.0000,0.0000,-0.0000,1,0.0000,0.6203
751,12637.618,15.810,1,0.001,2.036,0.047,14.474,0.262,0.335,0.070,62,558,83,35,94,167,393,260,254,6,0.0000,0,0.0000,0,0,15.6219,45.0010,47.9527,0.0000,0.0000,-0.0000,1,0.0000,0.6203
752,12653.475,17.271,1,0.067,0.841,0.095,13.854,0.500,0.365,0.084,61,562,83,35,99,167,393,260,255,5,0.0000,0,0.0000,0,0,15.6219,45.0010,47.9527,0.0000,0.0000,-0.0000,1,0.0000,0.6203
753,12671.463,15.879,1,0.002,2.286,0.030,14.678,0.381,0.442,0.098,62,562,83,35,98,167,395,261,255,6,0.0000,0,0.0000,0,0,15.6219,45.0010,47.9527,0.0000,0.0000,-0.0000,1,0.0000,0.6203
754,12689.056,17.961,1,0.001,3.110,0.025,13.466,0.393,0.457,0.095,61,562,83,35,96,167,397,261,255,6,0.0000,0,0.0000,0,0,15.6219,45.0010,47.9527,0.0000,0.0000,-0.0000,1,0.0000,0.6203
755,12707.192,17.624,1,0.064,4.433,0.026,12.470,0.419,0.542,0.107,61,564,83,35,102,167,399,261,256,5,0.0000,0,0.0000,0,0,15.6219,45.0010,47.9527,0.0000,0.0000,-0.0000,1,0.0000,0.6203
756,12725.164,18.149,1,0.001,5.444,0.046,10.946,0.603,0.702,0.137,60,564,83,35,100,167,401,262,256,6,0.0000,0,0.0000,0,0,15.6219,45.0010,47.9527,0.0000,0.0000,-0.0000,1,0.0000,0.6203
757,12744.933,17.987,1,0.002,8.114,0.033,9.829,0.671,0.803,0.206,60,564,83,35,99,167,403,262,256,6,0.0000,0,0.0000,0,0,15.6219,45.0010,47.9527,0.0000,0.0000,-0.0000,1,0.0000,0.6203
758,12761.706,19.794,1,0.124,7.890,0.033,6.856,0.689,0.871,0.175,59,567,83,35,105,167,405,262,257,5,0.0000,0,0.0000,0,0,15.6219,45.0010,47.9527,0.0000,0.0000,-0.0000,1,0.0000,0.6203
759,12777.979,16.777,1,0.002,7.744,0.080,6.517,0.731,0.858,0.201,59,567,83,35,103,167,407,263,257,6,0.0000,0,0.0000,0,0,15.6219,45.0010,47.9527,0.0000,0.0000,-0.0000,1,0.0000,0.6203
760,12789.310,16.247,1,0.003,2.360,0.096,7.003,0.720,0.871,0.166,59,567,83,35,102,167,407,263,257,6,0.0000,0,0.0000,0,0,15.6219,45.0010,47.9527,0.0000,0.0000,-0.0000,1,0.0000,0.6203
761,12811.114,11.348,1,0.124,7.518,0.032,12.337,0.663,0.832,0.168,62,569,83,35,105,167,409,263,258,5,0.0000,0,0.0000,0,0,15.6219,45.0010,47.9527,0.0000,0.0000,-0.0000,1,0.0000,0.6203
762,12824.321,21.807,1,0.002,4.179,0.057,7.086,0.716,0.870,0.164,60,569,83,35,104,167,411,264,258,6,0.0000,0,0.0000,0,0,15.6219,45.0010,47.9527,0.0000,0.0000,-0.0000,1,0.0000,0.6203
763,12845.885,13.206,1,0.107,3.100,0.104,16.441,0.629,0.842,0.208,62,572,83,35,106,167,411,264,259,5,0.0000,0,0.0000,0,0,15.6219,45.0010,47.9527,0.0000,0.0000,-0.0000,1,0.0000,0.6203
764,12861.682,21.572,1,0.002,2.292,0.138,11.497,0.672,0.889,0.166,60,572,83,35,105,167,411,264,259,5,0.0000,0,0.0000,0,0,15.6219,45.0010,47.9527,0.0000,0.0000,-0.0000,1,0.0000,0.6203
765,12879.223,15.793,1,0.003,2.175,0.123,12.539,0.906,1.422,0.235,61,572,83,35,103,167,411,265,259,6,0.0000,0,0.0000,0,0,15.6219,45.0010,47.9527,0.0000,0.0000,-0.0000,1,0.0000,0.6203
766,12895.691,17.648,1,0.003,2.675,0.112,11.412,0.821,0.986,0.216,60,572,83,35,102,167,411,265,259,6,0.0000,0,0.0000,0,0,15.6219,45.0010,47.9527,0.0000,0.0000,-0.0000,1,0.0000,0.6203
767,12911.739,16.412,1,0.128,2.431,0.093,11.645,0.627,0.797,0.139,60,573,83,35,107,167,411,265,260,5,0.0000,0,0.0000,0,0,15.6219,45.0010,47.9527,0.0000,0.0000,-0.0000,1,0.0000,0.6203
768,12928.319,15.971,1,0.009,2.477,0.133,12.494,0.558,0.667,0.131,61,573,83,35,104,167,411,266,260,6,0.0000,0,0.0000,0,0,15.6219,45.0010,47.9527,0.0000,0.0000,-0.0000,1,0.0000,0.6203
769,12944.704,16.597,1,0.107,1.958,0.080,12.419,0.494,0.997,0.203,60,577,83,35,109,167,411,266,261,5,0.0000,0,0.0000,0,0,15.6219,45.0010,47.9527,0.0000,0.0000,-0.0000,1,0.0000,0.6203
770,12961.247,16.362,1,0.002,2.079,0.106,12.579,0.770,0.782,0.124,61,577,83,35,106,167,411,266,261,5,0.0000,0,0.0000,0,0,15.6219,45.0010,47.9527,0.0000,0.0000,-0.0000,1,0.0000,0.6203
771,12980.652,16.507,1,0.002,4.578,0.080,12.953,0.700,0.901,0.125,61,577,84,35,103,169,411,267,261,6,0.0000,0,0.0000,0,0,15.6219,45.0010,47.9527,0.0000,0.0000,-0.0000,1,0.0000,0.6203
772,12996.424,19.406,1,0.093,3.827,0.088,10.017,0.646,0.885,0.148,60,578,84,35,104,169,411,267,262,5,0.0000,0,0.0000,0,0,15.6219,45.0010,47.9527,0.0000,0.0000,-0.0000,1,0.0000,0.6203
773,13010.209,15.783,1,0.015,1.448,0.091,10.926,0.485,0.620,0.122,60,578,84,35,105,169,411,267,262,5,0.0000,0,0.0000,0,0,15.6219,45.0010,47.9527,0.0000,0.0000,-0.0000,1,0.0000,0.6203
774,13028.355,13.776,1,0.002,2.513,0.092,13.936,0.570,0.836,0.127,61,578,84,35,102,169,411,268,262,6,0.0000,0,0.0000,0,0,15.6219,45.0010,47.9527,0.0000,0.0000,-0.0000,1,0.0000,0.6203
775,13043.971,18.146,1,0.106,1.624,0.075,12.415,0.515,0.660,0.153,61,582,84,35,108,169,411,268,263,5,0.0000,0,0.0000,0,0,15.6219,45.0010,47.9527,0.0000,0.0000,-0.0000,1,0.0000,0.6203
776,13063.365,15.614,1,0.002,4.552,0.036,13.463,0.518,0.631,0.125,61,582,85,35,104,171,411,268,263,5,0.0000,0,0.0000,0,0,15.6219,45.0010,47.9527,0.0000,0.0000,-0.0000,1,0.0000,0.6203
777,13079.418,19.395,1,0.002,3.737,0.044,10.779,0.539,0.757,0.127,60,582,86,35,103,173,411,269,263,6,0.0000,0,0.0000,0,0,15.6219,45.0010,47.9527,0.0000,0.0000,-0.0000,1,0.0000,0.6203
778,13099.352,16.055,1,0.116,6.781,0.036,11.288,0.656,0.833,0.152,60,584,86,35,105,173,413,269,264,5,0.0000,0,0.0000,0,0,15.6219,45.0010,47.9527,0.0000,0.0000,-0.0000,1,0.0000,0.6203
779,13110.289,19.947,1,0.011,1.669,0.068,7.957,0.441,0.595,0.112,59,584,86,35,106,173,413,269,264,5,0.0000,0,0.0000,0,0,15.6219,45.0010,47.9527,0.0000,0.0000,-0.0000,1,0.0000,0.6203
780,13127.260,10.922,1,0.001,2.215,0.079,13.687,0.354,0.485,0.084,62,584,86,35,102,173,413,270,264,6,0.0000,0,0.0000,0,0,15.6219,45.0010,47.9527,0.0000,0.0000,-0.0000,1,0.0000,0.6203
781,13144.557,17.004,1,0.061,1.194,0.055,14.941,0.392,0.467,0.091,62,587,86,35,108,173,413,270,265,5,0.0000,0,0.0000,0,0,15.6219,45.0010,47.9527,0.0000,0.0000,-0.0000,1,0.0000,0.6203
782,13160.168,17.249,1,0.001,1.113,0.067,13.359,0.413,0.500,0.107,62,587,86,35,104,173,413,270,265,5,0.0000,0,0.0000,0,0,15.6219,45.0010,47.9527,0.0000,0.0000,-0.0000,1,0.0000,0.6203
783,13176.761,15.613,1,0.001,2.073,0.031,13.741,0.311,0.313,0.071,62,587,87,35,102,175,413,271,265,6,0.0000,0,0.0000,0,0,15.6219,45.0010,47.9527,0.0000,0.0000,-0.0000,1,0.0000,0.6203
784,13195.872,16.580,1,0.044,1.980,0.063,15.647,0.435,0.506,0.396,62,590,87,35,102,175,413,271,266,5,0.0000,0,0.0000,0,0,15.6219,45.0010,47.9527,0.0000,0.0000,-0.0000,1,0.0000,0.6203
785,13210.341,19.124,1,0.001,2.239,0.050,11.380,0.327,0.347,0.072,61,590,87,35,98,175,413,271,266,5,0.0000,0,0.0000,0,0,15.6219,45.0010,47.9527,0.0000,0.0000,-0.0000,1,0.0000,0.6203
786,13226.962,14.468,1,0.001,2.218,0.024,13.573,0.301,0.384,0.071,62,590,88,35,96,177,413,272,266,6,0.0000,0,0.0000,0,0,15.6219,45.0010,47.9527,0.0000,0.0000,-0.0000,1,0.0000,0.6203
787,13244.931,16.612,1,0.068,3.109,0.025,13.637,0.379,0.519,0.125,62,592,88,35,99,177,415,272,267,5,0.0000,0,0.0000,0,0,15.6219,45.0010,47.9527,0.0000,0.0000,-0.0000,1,0.0000,0.6203
788,13259.104,17.983,1,0.008,0.870,0.074,12.304,0.415,0.370,0.074,61,592,88,35,100,177,415,272,267,5,0.0000,0,0.0000,0,0,15.6219,45.0010,47.9527,0.0000,0.0000,-0.0000,1,0.0000,0.6203
789,13277.196,14.166,1,0.002,2.265,0.032,14.945,0.337,0.390,0.069,62,592,88,35,98,177,417,273,267,6,0.0000,0,0.0000,0,0,15.6219,45.0010,47.9527,0.0000,0.0000,-0.0000,1,0.0000,0.6203
790,13292.371,18.090,1,0.046,0.724,0.052,13.486,0.376,0.374,0.068,61,596,88,35,103,177,417,273,268,5,0.0000,0,0.0000,0,0,15.6219,45.0010,47.9527,0.0000,0.0000,-0.0000,1,0.0000,0.6203
791,13309.113,15.165,1,0.002,0.945,0.061,14.995,0.313,0.321,0.069,62,596,88,35,99,177,417,273,268,5,0.0000,0,0.0000,0,0,15.6219,45.0010,47.9527,0.0000,0.0000,-0.0000,1,0.0000,0.6203
792,13327.401,16.744,1,0.002,2.209,0.078,14.969,0.371,0.542,0.078,62,596,88,35,95,177,417,274,268,6,0.0000,0,0.0000,0,0,15.6219,45.0010,47.9527,0.0000,0.0000,-0.0000,1,0.0000,0.6203
793,13344.440,18.321,1,0.071,2.510,0.066,13.182,0.431,0.597,0.107,61,597,88,35,96,177,417,274,269,5,0.0000,0,0.0000,0,0,15.6219,45.0010,47.9527,0.0000,0.0000,-0.0000,1,0.0000,0.6203
794,13359.771,17.027,1,0.013,1.301,0.101,12.887,0.444,0.417,0.099,61,597,88,35,98,177,417,274,269,5,0.0000,0,0.0000,0,0,15.6219,45.0010,47.9527,0.0000,0.0000,-0.0000,1,0.0000,0.6203
795,13377.370,15.335,1,0.002,2.244,0.090,14.176,0.419,0.498,0.104,61,597,88,35,95,177,417,275,269,6,0.0000,0,0.0000,0,0,15.6219,45.0010,47.9527,0.0000,0.0000,-0.0000,1,0.0000,0.6203
796,13397.681,17.600,1,0.008,5.687,0.034,13.276,0.527,0.599,0.111,61,597,89,36,94,179,417,275,269,6,0.0000,0,0.0000,0,0,15.6219,45.0010,47.9527,0.0000,0.0000,-0.0000,1,0.0000,0.6203
797,13410.142,20.305,1,0.073,1.350,0.119,9.631,0.477,0.638,0.107,60,601,89,36,102,179,417,275,270,5,0.0000,0,0.0000,0,0,15.6219,45.0010,47.9527,0.0000,0.0000,-0.0000,1,0.0000,0.6203
798,13427.442,12.461,1,0.002,1.869,0.097,13.975,0.493,0.689,0.111,62,601,89,36,98,179,417,276,270,6,0.0000,0,0.0000,0,0,15.6219,45.0010,47.9527,0.0000,0.0000,-0.0000,1,0.0000,0.6203
799,13444.996,17.316,1,0.069,2.896,0.065,13.241,0.448,0.599,0.159,61,603,89,36,101,179,417,276,271,5,0.0000,0,0.0000,0,0,15.6219,45.0010,47.9527,0.0000,0.0000,-0.0000,1,0.0000,0.6203
